game_id,seconds_elapsed,away_score,home_score,underdog_score,favorite_score,favorite_margin
0022300990,1740,70,85,70,85,15
0022300983,30,2,0,2,0,-2
0022300988,570,27,15,27,15,-12
0022300988,1140,51,40,51,40,-11
0022300985,1530,51,53,51,53,2
0022300987,780,30,39,39,30,-9
0022300987,1170,46,48,48,46,-2
0022300989,1320,42,50,42,50,8
0022300989,3060,105,105,105,105,0
0022300983,1560,64,60,64,60,-4
0022300986,1650,58,65,58,65,7
0022300988,1110,51,40,51,40,-11
0022300985,2070,63,77,63,77,14
0022300989,3390,107,107,107,107,0
0022300986,2610,100,102,100,102,2
0022300986,0,0,0,0,0,0
0022300986,690,27,27,27,27,0
0022300986,1020,34,39,34,39,5
0022300986,1590,55,62,55,62,7
0022300988,720,30,22,30,22,-8
0022300988,960,43,32,43,32,-11
0022300988,1770,83,72,83,72,-11
0022300988,2220,99,91,99,91,-8
0022300987,2220,85,83,83,85,2
0022300983,870,32,39,32,39,7
0022300987,2520,97,91,91,97,6
0022300989,1170,38,44,38,44,6
0022300990,1500,59,75,59,75,16
0022300986,330,15,14,15,14,-1
0022300988,2190,99,88,99,88,-11
0022300985,180,7,5,7,5,-2
0022300985,1860,57,68,57,68,11
0022300987,1080,42,44,44,42,-2
0022300989,750,32,30,32,30,-2
0022300989,1830,66,71,66,71,5
0022300985,2640,87,88,87,88,1
0022300987,1260,46,53,53,46,-7
0022300989,1680,62,66,62,66,4
0022300989,3240,105,105,105,105,0
0022300990,810,33,42,33,42,9
0022300990,1170,47,64,47,64,17
0022300990,1920,74,95,74,95,21
0022300983,150,7,3,7,3,-4
0022300983,480,12,21,12,21,9
0022300988,1470,65,58,65,58,-7
0022300989,2700,97,99,97,99,2
0022300990,1050,45,54,45,54,9
0022300990,1830,70,91,70,91,21
0022300983,2580,99,96,99,96,-3
0022300988,930,39,32,39,32,-7
0022300988,1800,85,72,85,72,-13
0022300988,2700,111,99,111,99,-12
0022300985,1170,42,39,42,39,-3
0022300987,750,27,39,39,27,-12
0022300987,930,36,41,41,36,-5
0022300989,330,13,14,13,14,1
0022300989,3450,107,111,107,111,4
0022300983,1500,59,56,59,56,-3
0022300986,2310,85,94,85,94,9
0022300987,1890,70,66,66,70,4
0022300990,60,5,0,5,0,-5
0022300990,210,11,8,11,8,-3
0022300990,1710,70,83,70,83,13
0022300986,90,2,2,2,2,0
0022300987,150,6,5,5,6,1
0022300989,930,36,37,36,37,1
0022300989,1470,50,59,50,59,9
0022300990,630,26,34,26,34,8
0022300983,660,19,31,19,31,12
0022300983,1200,43,47,43,47,4
0022300983,1890,80,75,80,75,-5
0022300988,2340,101,95,101,95,-6
0022300985,2760,89,93,89,93,4
0022300987,180,6,7,7,6,-1
0022300989,210,10,6,10,6,-4
0022300989,2220,78,84,78,84,6
0022300989,3300,105,105,105,105,0
0022300990,240,13,9,13,9,-4
0022300988,1560,69,61,69,61,-8
0022300985,90,4,5,4,5,1
0022300983,90,5,2,5,2,-3
0022300987,2580,100,94,94,100,6
0022300990,1290,55,70,55,70,15
0022300986,390,17,16,17,16,-1
0022300985,1590,51,57,51,57,6
0022300989,60,0,2,0,2,2
0022300983,2400,99,90,99,90,-9
0022300986,150,4,7,4,7,3
0022300989,2880,105,105,105,105,0
0022300990,2190,88,111,88,111,23
0022300983,300,7,9,7,9,2
0022300988,1500,67,58,67,58,-9
0022300985,2160,65,79,65,79,14
0022300987,2850,109,102,102,109,7
0022300989,480,21,22,21,22,1
0022300990,1680,68,80,68,80,12
0022300983,60,5,2,5,2,-3
0022300983,780,27,34,27,34,7
0022300989,180,7,6,7,6,-1
0022300986,840,27,34,27,34,7
0022300988,1650,74,65,74,65,-9
0022300987,870,33,41,41,33,-8
0022300989,720,32,28,32,28,-4
0022300989,2400,85,93,85,93,8
0022300989,2550,93,97,93,97,4
0022300990,840,35,45,35,45,10
0022300983,1980,85,77,85,77,-8
0022300988,150,6,0,6,0,-6
0022300988,630,30,19,30,19,-11
0022300988,1350,59,51,59,51,-8
0022300985,480,17,19,17,19,2
0022300985,960,33,36,33,36,3
0022300985,1260,42,45,42,45,3
0022300985,1500,51,53,51,53,2
0022300985,2610,87,88,87,88,1
0022300983,2190,90,83,90,83,-7
0022300985,1890,57,70,57,70,13
0022300986,1440,49,54,49,54,5
0022300988,990,43,32,43,32,-11
0022300988,2520,105,95,105,95,-10
0022300985,840,30,31,30,31,1
0022300989,1020,38,41,38,41,3
0022300990,360,20,22,20,22,2
0022300983,270,7,7,7,7,0
0022300986,1140,36,41,36,41,5
0022300986,2580,98,100,98,100,2
0022300988,330,18,4,18,4,-14
0022300988,1740,78,70,78,70,-8
0022300985,930,31,33,31,33,2
0022300985,2130,63,79,63,79,16
0022300989,600,27,28,27,28,1
0022300990,1410,59,73,59,73,14
0022300983,960,32,45,32,45,13
0022300986,2040,70,82,70,82,12
0022300987,2670,103,96,96,103,7
0022300989,150,5,6,5,6,1
0022300989,2970,105,105,105,105,0
0022300983,2550,99,96,99,96,-3
0022300986,750,27,32,27,32,5
0022300985,1350,44,48,44,48,4
0022300985,1950,57,72,57,72,15
0022300986,1980,68,82,68,82,14
0022300986,2520,96,100,96,100,4
0022300989,900,34,37,34,37,3
0022300990,1200,49,64,49,64,15
0022300990,2040,81,99,81,99,18
0022300983,2130,85,83,85,83,-2
0022300983,2760,105,103,105,103,-2
0022300989,1110,38,41,38,41,3
0022300989,3600,111,121,111,121,10
0022300985,1200,42,41,42,41,-1
0022300985,2430,83,85,83,85,2
0022300987,60,2,3,3,2,-1
0022300989,2280,81,89,81,89,8
0022300990,960,41,45,41,45,4
0022300983,2730,103,101,103,101,-2
0022300986,2100,73,84,73,84,11
0022300985,2250,68,81,68,81,13
0022300987,2040,81,77,77,81,4
0022300989,1290,42,48,42,48,6
0022300983,1710,70,62,70,62,-8
0022300986,1530,51,57,51,57,6
0022300988,1260,59,44,59,44,-15
0022300987,240,8,9,9,8,-1
0022300989,1440,47,57,47,57,10
0022300990,2850,105,134,105,134,29
0022300983,1620,64,60,64,60,-4
0022300985,1290,44,45,44,45,1
0022300985,2880,91,98,91,98,7
0022300987,510,19,28,28,19,-9
0022300987,2460,95,91,91,95,4
0022300989,3210,105,105,105,105,0
0022300988,360,20,6,20,6,-14
0022300988,1890,85,76,85,76,-9
0022300988,2250,99,93,99,93,-6
0022300987,810,30,41,41,30,-11
0022300988,420,20,8,20,8,-12
0022300985,720,23,31,23,31,8
0022300989,90,2,2,2,2,0
0022300990,540,22,32,22,32,10
0022300983,1320,47,50,47,50,3
0022300986,2670,103,102,103,102,-1
0022300987,1620,61,61,61,61,0
0022300989,3360,107,105,107,105,-2
0022300986,630,27,25,27,25,-2
0022300988,1410,62,56,62,56,-6
0022300988,2610,108,97,108,97,-11
0022300989,2310,81,89,81,89,8
0022300989,3030,105,105,105,105,0
0022300983,1680,68,62,68,62,-6
0022300986,360,17,16,17,16,-1
0022300986,480,21,18,21,18,-3
0022300985,1050,40,37,40,37,-3
0022300985,1770,54,68,54,68,14
0022300985,2850,91,95,91,95,4
0022300989,2190,76,84,76,84,8
0022300989,2490,88,96,88,96,8
0022300990,1020,43,48,43,48,5
0022300990,2820,105,134,105,134,29
0022300983,1350,50,52,50,52,2
0022300990,1080,45,57,45,57,12
0022300983,2310,97,90,97,90,-7
0022300983,2790,105,103,105,103,-2
0022300988,450,20,11,20,11,-9
0022300985,270,12,12,12,12,0
0022300985,2190,68,79,68,79,11
0022300987,1710,65,63,63,65,2
0022300987,2340,89,90,90,89,-1
0022300990,1890,74,93,74,93,19
0022300990,2580,94,128,94,128,34
0022300986,2850,105,108,105,108,3
0022300985,2670,87,88,87,88,1
0022300989,2010,70,75,70,75,5
0022300990,1770,70,87,70,87,17
0022300990,2430,94,124,94,124,30
0022300989,360,16,14,16,14,-2
0022300989,2760,99,101,99,101,2
0022300990,180,11,6,11,6,-5
0022300983,570,18,25,18,25,7
0022300983,1590,64,60,64,60,-4
0022300983,2880,108,103,108,103,-5
0022300986,420,17,18,17,18,1
0022300988,240,11,2,11,2,-9
0022300988,2100,95,88,95,88,-7
0022300985,0,0,0,0,0,0
0022300983,2700,103,101,103,101,-2
0022300989,120,5,4,5,4,-1
0022300989,1560,55,63,55,63,8
0022300990,510,22,31,22,31,9
0022300988,180,8,0,8,0,-8
0022300987,450,15,23,23,15,-8
0022300987,1800,65,66,66,65,-1
0022300989,270,13,11,13,11,-2
0022300986,720,27,29,27,29,2
0022300988,30,2,0,2,0,-2
0022300988,1590,71,61,71,61,-10
0022300986,1170,38,43,38,43,5
0022300986,2130,75,86,75,86,11
0022300988,480,22,13,22,13,-9
0022300985,2730,87,93,87,93,6
0022300987,840,33,41,41,33,-8
0022300989,3570,109,117,109,117,8
0022300983,2100,85,81,85,81,-4
0022300986,2070,70,82,70,82,12
0022300985,870,31,31,31,31,0
0022300987,2700,103,96,96,103,7
0022300989,2430,87,93,87,93,6
0022300989,2850,105,105,105,105,0
0022300990,1350,55,73,55,73,18
0022300988,1980,88,81,88,81,-7
0022300986,1410,49,54,49,54,5
0022300988,780,30,25,30,25,-5
0022300988,810,34,27,34,27,-7
0022300990,1530,62,76,62,76,14
0022300987,120,6,5,5,6,1
0022300987,1950,73,69,69,73,4
0022300986,1230,38,43,38,43,5
0022300988,2370,101,95,101,95,-6
0022300990,1470,59,73,59,73,14
0022300990,1620,66,80,66,80,14
0022300986,1290,41,48,41,48,7
0022300988,90,4,0,4,0,-4
0022300988,2880,119,112,119,112,-7
0022300985,1320,44,45,44,45,1
0022300985,1980,60,74,60,74,14
0022300985,2580,85,88,85,88,3
0022300989,630,27,28,27,28,1
0022300989,2610,97,97,97,97,0
0022300983,0,0,0,0,0,0
0022300983,360,10,14,10,14,4
0022300983,1950,82,75,82,75,-7
0022300986,2400,91,98,91,98,7
0022300989,450,21,19,21,19,-2
0022300989,3510,107,113,107,113,6
0022300983,450,10,19,10,19,9
0022300983,1470,56,56,56,56,0
0022300986,1890,64,77,64,77,13
0022300988,1200,54,42,54,42,-12
0022300988,2310,99,95,99,95,-4
0022300988,870,39,29,39,29,-10
0022300985,1800,54,68,54,68,14
0022300987,0,0,0,0,0,0
0022300987,1140,46,46,46,46,0
0022300990,1590,64,78,64,78,14
0022300990,2520,94,128,94,128,34
0022300987,1110,44,46,46,44,-2
0022300989,570,21,26,21,26,5
0022300985,1470,49,53,49,53,4
0022300987,2250,88,87,87,88,1
0022300989,2100,73,81,73,81,8
0022300989,2340,83,91,83,91,8
0022300990,750,31,39,31,39,8
0022300990,2160,86,111,86,111,25
0022300983,2640,103,99,103,99,-4
0022300986,300,13,12,13,12,-1
0022300986,2550,98,100,98,100,2
0022300988,1230,56,44,56,44,-12
0022300985,1110,40,37,40,37,-3
0022300987,1320,48,53,53,48,-5
0022300990,300,13,17,13,17,4
0022300990,450,22,26,22,26,4
0022300990,2610,94,128,94,128,34
0022300983,990,34,47,34,47,13
0022300983,2850,107,103,107,103,-4
0022300986,1950,66,80,66,80,14
0022300988,1170,51,42,51,42,-9
0022300989,300,13,12,13,12,-1
0022300990,1110,45,57,45,57,12
0022300990,2640,95,128,95,128,33
0022300986,1380,47,52,47,52,5
0022300985,30,2,2,2,2,0
0022300985,990,36,36,36,36,0
0022300987,1440,53,59,59,53,-6
0022300990,1980,78,99,78,99,21
0022300983,1650,66,62,66,62,-4
0022300986,270,13,12,13,12,-1
0022300987,990,38,41,41,38,-3
0022300989,420,21,16,21,16,-5
0022300989,1200,40,44,40,44,4
0022300983,2820,105,103,105,103,-2
0022300986,60,2,0,2,0,-2
0022300986,2340,85,96,85,96,11
0022300987,2190,85,83,83,85,2
0022300983,2040,85,79,85,79,-6
0022300986,1830,64,77,64,77,13
0022300988,2130,99,88,99,88,-11
0022300985,810,28,31,28,31,3
0022300989,1800,64,71,64,71,7
0022300990,270,13,14,13,14,1
0022300990,390,22,24,22,24,2
0022300983,1170,43,47,43,47,4
0022300986,1710,60,69,60,69,9
0022300986,2640,100,102,100,102,2
0022300990,2760,103,134,103,134,31
0022300983,1260,45,48,45,48,3
0022300983,2010,85,77,85,77,-8
0022300983,2610,101,99,101,99,-2
0022300986,120,4,5,4,5,1
0022300986,870,29,36,29,36,7
0022300988,2850,115,109,115,109,-6
0022300985,240,9,9,9,9,0
0022300987,300,8,12,12,8,-4
0022300989,1140,38,41,38,41,3
0022300986,30,0,0,0,0,0
0022300988,1620,71,65,71,65,-6
0022300985,1140,40,39,40,39,-1
0022300987,2430,93,91,91,93,2
0022300989,660,32,28,32,28,-4
0022300989,1050,38,41,38,41,3
0022300989,3540,109,117,109,117,8
0022300988,2430,103,95,103,95,-8
0022300985,1620,51,60,51,60,9
0022300987,1350,51,55,55,51,-4
0022300987,2160,83,83,83,83,0
0022300986,570,23,23,23,23,0
0022300986,1320,45,50,45,50,5
0022300988,300,15,4,15,4,-11
0022300988,840,34,27,34,27,-7
0022300988,1920,85,78,85,78,-7
0022300985,2310,70,81,70,81,11
0022300987,90,4,5,5,4,-1
0022300990,2550,94,128,94,128,34
0022300983,210,7,5,7,5,-2
0022300986,2460,93,100,93,100,7
0022300988,2010,90,84,90,84,-6
0022300985,150,4,5,4,5,1
0022300989,540,21,26,21,26,5
0022300989,2730,99,101,99,101,2
0022300990,2010,81,99,81,99,18
0022300986,2160,75,89,75,89,14
0022300986,2190,77,92,77,92,15
0022300988,1830,85,74,85,74,-11
0022300987,2370,93,90,90,93,3
0022300989,1860,66,71,66,71,5
0022300986,1560,53,60,53,60,7
0022300988,1950,88,79,88,79,-9
0022300987,30,0,0,0,0,0
0022300987,900,36,41,41,36,-5
0022300989,390,16,16,16,16,0
0022300989,2130,75,84,75,84,9
0022300983,510,12,21,12,21,9
0022300985,2490,85,88,85,88,3
0022300990,30,2,0,2,0,-2
0022300990,120,11,2,11,2,-9
0022300986,2280,83,94,83,94,11
0022300988,1380,59,54,59,54,-5
0022300985,2520,85,88,85,88,3
0022300987,720,25,37,37,25,-12
0022300983,1380,50,52,50,52,2
0022300983,2220,90,83,90,83,-7
0022300986,1680,58,65,58,65,7
0022300988,1050,46,37,46,37,-9
0022300985,300,12,14,12,14,2
0022300985,540,21,24,21,24,3
0022300985,660,21,31,21,31,10
0022300987,1410,51,57,57,51,-6
0022300987,1500,56,59,59,56,-3
0022300989,3330,107,105,107,105,-2
0022300988,510,24,13,24,13,-11
0022300987,1740,65,63,63,65,2
0022300983,1410,52,54,52,54,2
0022300988,60,4,0,4,0,-4
0022300985,2790,89,95,89,95,6
0022300989,690,32,28,32,28,-4
0022300989,3480,107,111,107,111,4
0022300990,780,31,39,31,39,8
0022300990,1560,64,78,64,78,14
0022300990,2280,88,119,88,119,31
0022300983,810,30,37,30,37,7
0022300983,1860,77,72,77,72,-5
0022300985,1230,42,41,42,41,-1
0022300987,1470,56,59,59,56,-3
0022300987,1980,76,71,71,76,5
0022300990,870,37,45,37,45,8
0022300983,600,18,27,18,27,9
0022300987,210,8,7,7,8,1
0022300989,1890,66,73,66,73,7
0022300983,2280,95,88,95,88,-7
0022300986,990,34,39,34,39,5
0022300985,330,12,14,12,14,2
0022300985,2400,80,83,80,83,3
0022300987,2310,88,90,90,88,-2
0022300987,2790,107,99,99,107,8
0022300989,2940,105,105,105,105,0
0022300990,150,11,4,11,4,-7
0022300988,540,24,13,24,13,-11
0022300985,1440,49,51,49,51,2
0022300987,2100,83,79,79,83,4
0022300987,2880,114,104,104,114,10
0022300989,510,21,22,21,22,1
0022300989,1080,38,41,38,41,3
0022300989,2640,97,99,97,99,2
0022300986,2370,88,98,88,98,10
0022300985,780,28,31,28,31,3
0022300987,2610,100,96,96,100,4
0022300989,1620,57,63,57,63,6
0022300989,2790,101,101,101,101,0
0022300990,1650,66,80,66,80,14
0022300990,2250,88,116,88,116,28
0022300983,2160,90,83,90,83,-7
0022300988,2550,105,95,105,95,-10
0022300988,2730,111,99,111,99,-12
0022300985,390,17,14,17,14,-3
0022300987,2640,103,96,96,103,7
0022300989,1950,68,73,68,73,5
0022300989,2580,95,97,95,97,2
0022300990,1320,55,70,55,70,15
0022300990,1800,70,87,70,87,17
0022300990,2220,88,114,88,114,26
0022300986,1050,34,39,34,39,5
0022300987,1920,73,69,69,73,4
0022300989,1230,40,46,40,46,6
0022300989,2820,101,101,101,101,0
0022300989,3120,105,105,105,105,0
0022300983,1230,45,48,45,48,3
0022300986,1920,64,77,64,77,13
0022300986,2730,105,104,105,104,-1
0022300986,2790,105,105,105,105,0
0022300985,120,4,5,4,5,1
0022300985,2370,77,83,77,83,6
0022300989,990,36,41,36,41,5
0022300990,90,8,0,8,0,-8
0022300990,1230,52,66,52,66,14
0022300990,2070,83,102,83,102,19
0022300983,2490,99,96,99,96,-3
0022300986,600,27,25,27,25,-2
0022300986,2250,82,92,82,92,10
0022300989,1260,40,46,40,46,6
0022300990,480,22,29,22,29,7
0022300990,2130,86,108,86,108,22
0022300983,750,27,34,27,34,7
0022300986,210,6,8,6,8,2
0022300988,210,8,0,8,0,-8
0022300988,1440,62,56,62,56,-6
0022300988,2070,93,85,93,85,-8
0022300985,510,21,24,21,24,3
0022300987,2550,100,94,94,100,6
0022300983,1440,54,54,54,54,0
0022300986,510,23,20,23,20,-3
0022300986,660,27,25,27,25,-2
0022300988,1020,46,34,46,34,-12
0022300987,1560,59,61,61,59,-2
0022300989,810,32,32,32,32,0
0022300989,960,36,39,36,39,3
0022300989,1980,68,73,68,73,5
0022300983,690,25,34,25,34,9
0022300983,1050,36,47,36,47,11
0022300983,2520,99,96,99,96,-3
0022300988,750,30,25,30,25,-5
0022300987,1380,51,57,57,51,-6
0022300987,1830,67,66,66,67,1
0022300989,1650,60,63,60,63,3
0022300989,1920,68,73,68,73,5
0022300986,2220,80,92,80,92,12
0022300988,690,30,22,30,22,-8
0022300987,360,8,17,17,8,-9
0022300990,1140,45,58,45,58,13
0022300986,1080,36,39,36,39,3
0022300988,2040,93,84,93,84,-9
0022300987,480,17,25,25,17,-8
0022300987,1770,65,66,66,65,-1
0022300990,690,28,36,28,36,8
0022300990,2880,105,136,105,136,31
0022300986,180,4,7,4,7,3
0022300986,780,27,34,27,34,7
0022300986,1350,47,52,47,52,5
0022300988,660,30,19,30,19,-11
0022300987,2070,81,77,77,81,4
0022300988,2490,105,95,105,95,-10
0022300985,1080,40,37,40,37,-3
0022300989,870,32,35,32,35,3
0022300990,330,17,20,17,20,3
0022300983,2430,99,93,99,93,-6
0022300986,1800,62,72,62,72,10
0022300986,2760,105,105,105,105,0
0022300988,390,20,6,20,6,-14
0022300988,2640,108,97,108,97,-11
0022300985,1830,54,68,54,68,14
0022300987,1860,70,66,66,70,4
0022300987,2820,107,99,99,107,8
0022300989,2070,70,78,70,78,8
0022300983,1020,34,47,34,47,13
0022300983,1740,72,65,72,65,-7
0022300983,2070,85,81,85,81,-4
0022300983,2250,93,85,93,85,-8
0022300983,2670,103,101,103,101,-2
0022300986,540,23,20,23,20,-3
0022300986,2880,107,110,107,110,3
0022300985,1380,46,48,46,48,2
0022300983,720,25,34,25,34,9
0022300986,2010,68,82,68,82,14
0022300986,2820,105,105,105,105,0
0022300988,120,4,0,4,0,-4
0022300987,2760,105,99,99,105,6
0022300989,2670,97,99,97,99,2
0022300989,3180,105,105,105,105,0
0022300990,2400,92,124,92,124,32
0022300983,180,7,5,7,5,-2
0022300983,1080,39,47,39,47,8
0022300988,600,27,17,27,17,-10
0022300987,2280,88,87,87,88,1
0022300989,1500,52,59,52,59,7
0022300989,3000,105,105,105,105,0
0022300990,1440,59,73,59,73,14
0022300990,2100,83,102,83,102,19
0022300983,630,18,27,18,27,9
0022300988,1320,59,49,59,49,-10
0022300989,1410,47,56,47,56,9
0022300990,2670,97,132,97,132,35
0022300988,2580,108,97,108,97,-11
0022300985,630,21,28,21,28,7
0022300987,1020,39,41,41,39,-2
0022300990,2790,105,134,105,134,29
0022300986,960,32,39,32,39,7
0022300986,1740,60,69,60,69,9
0022300988,1080,49,37,49,37,-12
0022300988,2790,113,104,113,104,-9
0022300985,60,2,2,2,2,0
0022300985,1020,38,36,38,36,-2
0022300987,540,19,28,28,19,-9
0022300987,2010,79,74,74,79,5
0022300987,2730,105,99,99,105,6
0022300989,0,0,0,0,0,0
0022300989,30,0,2,0,2,2
0022300989,1590,57,63,57,63,6
0022300983,1290,47,48,47,48,1
0022300986,1770,62,72,62,72,10
0022300985,2280,68,81,68,81,13
0022300987,600,19,31,31,19,-12
0022300990,720,28,38,28,38,10
0022300990,900,39,45,39,45,6
0022300985,210,7,5,7,5,-2
0022300985,900,31,33,31,33,2
0022300985,1740,51,68,51,68,17
0022300985,2010,60,74,60,74,14
0022300988,1710,78,69,78,69,-9
0022300985,750,26,31,26,31,5
0022300989,1350,42,50,42,50,8
0022300989,1380,44,53,44,53,9
0022300989,1770,64,67,64,67,3
0022300989,2910,105,105,105,105,0
0022300990,2310,88,122,88,122,34
0022300983,390,10,17,10,17,7
0022300983,930,32,43,32,43,11
0022300983,1920,82,75,82,75,-7
0022300986,2490,96,100,96,100,4
0022300988,2400,103,95,103,95,-8
0022300987,1530,59,61,61,59,-2
0022300989,240,10,8,10,8,-2
0022300989,780,32,32,32,32,0
0022300989,2370,85,91,85,91,6
0022300986,2430,91,100,91,100,9
0022300986,2700,103,102,103,102,-1
0022300985,690,23,31,23,31,8
0022300985,2100,63,77,63,77,14
0022300989,2160,76,84,76,84,8
0022300989,2460,87,96,87,96,9
0022300990,930,41,45,41,45,4
0022300990,1950,76,97,76,97,21
0022300983,1140,39,47,39,47,8
0022300985,2220,68,79,68,79,11
0022300987,1230,46,51,51,46,-5
0022300983,240,7,7,7,7,0
0022300983,1770,74,68,74,68,-6
0022300983,2340,99,90,99,90,-9
0022300986,450,19,18,19,18,-1
0022300988,1530,69,61,69,61,-8
0022300988,2760,113,102,113,102,-11
0022300985,2340,72,81,72,81,9
0022300987,660,19,35,35,19,-16
0022300990,1260,52,68,52,68,16
0022300987,1590,61,61,61,61,0
0022300989,1710,62,66,62,66,4
0022300985,360,17,14,17,14,-3
0022300987,2400,93,91,91,93,2
0022300989,2040,70,75,70,75,5
0022300990,570,22,32,22,32,10
0022300990,2370,92,124,92,124,32
0022300990,2730,101,134,101,134,33
0022300983,1530,62,58,62,58,-4
0022300988,900,39,32,39,32,-7
0022300988,2280,99,93,99,93,-6
0022300988,2670,111,99,111,99,-12
0022300987,690,22,35,35,22,-13
0022300989,2250,81,87,81,87,6
0022300989,3150,105,105,105,105,0
0022300988,1290,59,47,59,47,-12
0022300988,1860,85,76,85,76,-9
0022300987,270,8,12,12,8,-4
0022300990,0,0,0,0,0,0
0022300990,600,24,34,24,34,10
0022300990,2490,94,126,94,126,32
0022300983,1830,77,72,77,72,-5
0022300987,1200,46,51,51,46,-5
0022300989,840,32,35,32,35,3
0022300989,1740,62,66,62,66,4
0022300990,1380,57,73,57,73,16
0022300983,330,7,11,7,11,4
0022300986,1470,51,57,51,57,6
0022300985,1710,51,66,51,66,15
0022300989,2520,93,96,93,96,3
0022300983,2370,99,90,99,90,-9
0022300986,1620,55,62,55,62,7
0022300985,2040,63,74,63,74,11
0022300985,2700,87,91,87,91,4
0022300989,3420,107,109,107,109,2
0022300990,420,22,24,22,24,2
0022300990,660,28,34,28,34,6
0022300990,2340,90,124,90,124,34
0022300988,2460,103,95,103,95,-8
0022300985,420,17,16,17,16,-1
0022300985,1650,51,63,51,63,12
0022300983,420,10,19,10,19,9
0022300988,2160,99,88,99,88,-11
0022300985,1410,49,48,49,48,-1
0022300987,420,13,22,22,13,-9
0022300989,1530,52,61,52,61,9
0022300986,810,27,34,27,34,7
0022300986,900,29,36,29,36,7
0022300987,330,8,15,15,8,-7
0022300986,930,29,39,29,39,10
0022300986,1110,36,41,36,41,5
0022300985,450,17,19,17,19,2
0022300985,600,21,26,21,26,5
0022300985,2460,83,85,83,85,2
0022300987,960,38,41,41,38,-3
0022300983,840,30,37,30,37,7
0022300989,3270,105,105,105,105,0
0022300983,540,16,25,16,25,9
0022300988,1680,76,67,76,67,-9
0022300986,240,10,10,10,10,0
0022300987,1290,46,53,53,46,-7
0022300985,570,21,26,21,26,5
0022300987,1650,65,61,61,65,4
0022300987,1680,65,63,63,65,2
0022300983,2460,99,93,99,93,-6
0022300987,390,10,20,20,10,-10
0022300987,1050,42,44,44,42,-2
0022300985,1560,51,55,51,55,4
0022300985,2550,85,88,85,88,3
0022300990,2700,99,132,99,132,33
0022300983,1800,77,70,77,70,-7
0022300986,1500,51,57,51,57,6
0022300986,1260,41,46,41,46,5
0022300988,270,13,4,13,4,-9
0022300988,0,0,0,0,0,0
0022300990,990,41,48,41,48,7
0022300983,1110,39,47,39,47,8
0022300985,1920,57,72,57,72,15
0022300990,1860,72,93,72,93,21
0022300986,1200,38,43,38,43,5
0022300986,1860,64,77,64,77,13
0022300990,2460,94,126,94,126,32
0022300989,3090,105,105,105,105,0
0022300988,2820,113,104,113,104,-9
0022300987,630,19,33,33,19,-14
0022300987,570,19,31,31,19,-12
0022300987,2130,83,83,83,83,0
0022300983,120,7,2,7,2,-5
0022300985,1680,51,66,51,66,15
0022300983,900,32,41,32,41,9
0022300987,2490,97,91,91,97,6
0022300985,2820,91,95,91,95,4
0022400061,2280,91,121,91,121,30
0022400061,2670,109,132,109,132,23
0022400062,240,7,9,9,7,-2
0022400062,420,10,16,16,10,-6
0022400062,960,29,37,37,29,-8
0022400061,450,16,24,16,24,8
0022400061,630,20,35,20,35,15
0022400061,1650,60,88,60,88,28
0022400062,1170,32,51,51,32,-19
0022400062,1860,57,70,70,57,-13
0022400061,1740,66,93,66,93,27
0022400061,1830,70,99,70,99,29
0022400062,1380,42,53,53,42,-11
0022400062,2430,84,91,91,84,-7
0022400061,510,17,27,17,27,10
0022400061,540,17,27,17,27,10
0022400061,780,28,43,28,43,15
0022400062,1740,50,64,64,50,-14
0022400061,1320,49,69,49,69,20
0022400061,1890,75,99,75,99,24
0022400061,2010,78,108,78,108,30
0022400062,1320,42,53,53,42,-11
0022400062,2490,86,93,93,86,-7
0022400062,2520,86,95,95,86,-9
0022400061,0,0,0,0,0,0
0022400061,210,10,13,10,13,3
0022400062,1230,37,51,51,37,-14
0022400062,2220,78,85,85,78,-7
0022400061,1350,49,72,49,72,23
0022400061,1590,60,83,60,83,23
0022400062,390,10,16,16,10,-6
0022400062,1710,50,64,64,50,-14
0022400061,420,16,21,16,21,5
0022400061,1770,68,96,68,96,28
0022400061,2760,109,132,109,132,23
0022400062,1350,42,53,53,42,-11
0022400062,1530,44,59,59,44,-15
0022400062,1620,47,62,62,47,-15
0022400062,2010,65,77,77,65,-12
0022400062,2730,95,105,105,95,-10
0022400061,750,26,43,26,43,17
0022400061,1500,55,80,55,80,25
0022400061,2850,109,132,109,132,23
0022400061,2400,95,128,95,128,33
0022400062,270,7,9,9,7,-2
0022400062,1200,35,51,51,35,-16
0022400061,90,6,8,6,8,2
0022400061,1020,33,52,33,52,19
0022400062,780,26,24,24,26,2
0022400062,900,27,32,32,27,-5
0022400061,720,24,43,24,43,19
0022400061,1380,50,72,50,72,22
0022400061,2100,84,111,84,111,27
0022400061,1800,70,96,70,96,26
0022400061,2550,100,130,100,130,30
0022400062,1020,29,41,41,29,-12
0022400062,1500,44,57,57,44,-13
0022400062,1680,50,64,64,50,-14
0022400061,570,17,30,17,30,13
0022400061,990,30,52,30,52,22
0022400061,1260,46,67,46,67,21
0022400062,1950,63,74,74,63,-11
0022400062,2310,81,87,87,81,-6
0022400062,2700,95,103,103,95,-8
0022400061,150,8,11,8,11,3
0022400061,870,28,43,28,43,15
0022400061,1620,60,86,60,86,26
0022400062,1440,42,55,55,42,-13
0022400062,1560,44,60,60,44,-16
0022400062,2460,84,92,92,84,-8
0022400061,60,4,5,4,5,1
0022400062,150,5,5,5,5,0
0022400062,1260,37,51,51,37,-14
0022400061,1950,76,105,76,105,29
0022400062,330,7,13,13,7,-6
0022400062,2100,71,82,82,71,-11
0022400061,30,2,3,2,3,1
0022400061,1200,41,65,41,65,24
0022400061,1680,62,88,62,88,26
0022400062,1110,32,47,47,32,-15
0022400062,2130,72,82,82,72,-10
0022400062,2550,88,97,97,88,-9
0022400062,2610,91,99,99,91,-8
0022400061,120,8,8,8,8,0
0022400061,2610,104,130,104,130,26
0022400062,870,27,30,30,27,-3
0022400062,2580,91,99,99,91,-8
0022400062,2670,95,103,103,95,-8
0022400062,2790,98,110,110,98,-12
0022400061,1050,35,54,35,54,19
0022400062,1050,29,43,43,29,-14
0022400062,1470,42,57,57,42,-15
0022400062,510,12,18,18,12,-6
0022400061,600,20,35,20,35,15
0022400061,1470,55,77,55,77,22
0022400061,2160,87,113,87,113,26
0022400062,480,12,16,16,12,-4
0022400062,810,26,26,26,26,0
0022400062,1890,59,70,70,59,-11
0022400062,1980,65,76,76,65,-11
0022400062,2040,69,80,80,69,-11
0022400061,2130,87,113,87,113,26
0022400061,2430,95,128,95,128,33
0022400062,180,5,5,5,5,0
0022400062,2640,93,101,101,93,-8
0022400062,2850,101,110,110,101,-9
0022400061,2880,109,132,109,132,23
0022400062,0,0,0,0,0,0
0022400062,570,15,18,18,15,-3
0022400062,1920,61,72,72,61,-11
0022400061,480,17,27,17,27,10
0022400061,1230,43,65,43,65,22
0022400061,1290,49,69,49,69,20
0022400061,1860,73,99,73,99,26
0022400061,2070,84,111,84,111,27
0022400062,210,5,9,9,5,-4
0022400061,2520,98,130,98,130,32
0022400062,1290,37,51,51,37,-14
0022400062,1800,54,66,66,54,-12
0022400061,960,30,52,30,52,22
0022400061,1440,55,74,55,74,19
0022400061,1530,57,80,57,80,23
0022400062,30,0,0,0,0,0
0022400062,540,13,18,18,13,-5
0022400062,660,18,20,20,18,-2
0022400062,2250,81,85,85,81,-4
0022400061,330,12,19,12,19,7
0022400061,390,14,21,14,21,7
0022400061,1560,57,80,57,80,23
0022400061,2370,93,128,93,128,35
0022400061,2490,98,130,98,130,32
0022400061,2700,109,132,109,132,23
0022400062,2190,76,85,85,76,-9
0022400061,840,28,43,28,43,15
0022400061,1080,35,54,35,54,19
0022400061,1170,39,62,39,62,23
0022400061,2820,109,132,109,132,23
0022400062,690,21,22,22,21,-1
0022400062,990,29,37,37,29,-8
0022400062,2820,101,110,110,101,-9
0022400061,360,14,21,14,21,7
0022400061,1410,53,74,53,74,21
0022400061,2340,93,126,93,126,33
0022400062,2280,81,85,85,81,-4
0022400061,180,10,11,10,11,1
0022400061,2190,87,116,87,116,29
0022400062,630,18,20,20,18,-2
0022400061,2040,81,111,81,111,30
0022400061,2220,91,119,91,119,28
0022400061,2640,109,132,109,132,23
0022400062,450,12,16,16,12,-4
0022400062,1140,32,49,49,32,-17
0022400061,270,12,16,12,16,4
0022400061,810,28,43,28,43,15
0022400061,900,30,49,30,49,19
0022400062,2160,74,82,82,74,-8
0022400061,2580,102,130,102,130,28
0022400062,90,2,5,5,2,-3
0022400062,300,7,11,11,7,-4
0022400062,1080,32,45,45,32,-13
0022400061,240,12,13,12,13,1
0022400061,300,12,18,12,18,6
0022400061,2250,91,119,91,119,28
0022400061,2730,109,132,109,132,23
0022400062,60,0,3,3,0,-3
0022400062,720,23,22,22,23,1
0022400062,840,26,26,26,26,0
0022400062,2760,95,107,107,95,-12
0022400061,660,20,40,20,40,20
0022400061,930,30,49,30,49,19
0022400061,1110,37,57,37,57,20
0022400062,360,10,13,13,10,-3
0022400062,1590,47,62,62,47,-15
0022400062,2880,103,110,110,103,-7
0022400061,1920,76,101,76,101,25
0022400061,1980,78,105,78,105,27
0022400061,2790,109,132,109,132,23
0022400062,750,23,24,24,23,-1
0022400062,1770,53,66,66,53,-13
0022400061,2310,93,123,93,123,30
0022400062,120,5,5,5,5,0
0022400062,600,18,20,20,18,-2
0022400061,690,22,43,22,43,21
0022400061,2460,98,130,98,130,32
0022400062,2400,84,91,91,84,-7
0022400062,1410,42,55,55,42,-13
0022400062,1650,47,62,62,47,-15
0022400062,1830,54,68,68,54,-14
0022400062,2070,71,82,82,71,-11
0022400062,2340,81,89,89,81,-8
0022400061,1140,37,59,37,59,22
0022400061,1710,64,90,64,90,26
0022400062,930,27,34,34,27,-7
0022400062,2370,84,91,91,84,-7
0022400071,780,26,24,24,26,2
0022400071,3090,103,103,103,103,0
0022400066,960,31,31,31,31,0
0022400064,2130,83,83,83,83,0
0022400067,720,31,32,32,31,-1
0022400069,1590,65,67,65,67,2
0022400066,2010,92,76,76,92,16
0022400063,1410,47,58,58,47,-11
0022400063,1740,67,75,75,67,-8
0022400070,2310,102,91,91,102,11
0022400064,2640,100,108,100,108,8
0022400065,2070,94,67,94,67,-27
0022400065,2190,97,74,97,74,-23
0022400072,120,1,5,5,1,-4
0022400071,180,7,7,7,7,0
0022400063,2010,78,80,80,78,-2
0022400064,450,15,17,15,17,2
0022400067,60,2,3,3,2,-1
0022400069,1080,45,45,45,45,0
0022400072,2640,121,91,91,121,30
0022400068,690,21,26,21,26,5
0022400071,3570,114,112,112,114,2
0022400066,690,22,21,21,22,1
0022400067,360,11,16,16,11,-5
0022400067,810,39,32,32,39,7
0022400067,1620,75,56,56,75,19
0022400065,690,32,32,32,32,0
0022400070,1410,61,48,48,61,13
0022400072,690,21,21,21,21,0
0022400068,510,12,18,12,18,6
0022400071,2970,103,103,103,103,0
0022400071,2490,81,88,88,81,-7
0022400070,750,29,23,23,29,6
0022400064,2460,92,99,92,99,7
0022400067,1650,77,56,56,77,21
0022400063,810,28,33,33,28,-5
0022400070,450,17,16,16,17,1
0022400067,330,11,16,16,11,-5
0022400067,1920,92,64,64,92,28
0022400063,780,28,31,31,28,-3
0022400064,870,33,35,33,35,2
0022400064,2070,79,80,79,80,1
0022400069,2310,92,99,92,99,7
0022400065,210,9,6,9,6,-3
0022400067,1200,55,46,46,55,9
0022400072,2130,98,70,70,98,28
0022400068,1470,51,63,51,63,12
0022400067,2250,109,81,81,109,28
0022400066,2580,112,97,97,112,15
0022400070,390,17,15,15,17,2
0022400071,2190,74,74,74,74,0
0022400071,960,34,27,27,34,7
0022400071,2730,98,99,99,98,-1
0022400063,1110,39,43,43,39,-4
0022400072,930,27,27,27,27,0
0022400068,90,0,0,0,0,0
0022400071,30,0,2,2,0,-2
0022400064,690,24,26,24,26,2
0022400067,2880,136,106,106,136,30
0022400065,240,9,6,9,6,-3
0022400066,330,10,10,10,10,0
0022400063,2730,108,102,102,108,6
0022400070,150,8,8,8,8,0
0022400064,2610,97,106,97,106,9
0022400071,90,2,3,3,2,-1
0022400071,3000,103,103,103,103,0
0022400063,2670,103,102,102,103,1
0022400070,0,0,0,0,0,0
0022400067,2190,107,79,79,107,28
0022400065,1620,70,57,70,57,-13
0022400063,750,28,31,31,28,-3
0022400065,1650,70,57,70,57,-13
0022400065,2220,99,74,99,74,-25
0022400070,1920,81,77,77,81,4
0022400064,1650,64,61,64,61,-3
0022400069,2400,92,107,92,107,15
0022400065,1230,49,51,49,51,2
0022400063,600,23,24,24,23,-1
0022400070,1500,64,54,54,64,10
0022400064,210,6,13,6,13,7
0022400068,60,0,0,0,0,0
0022400066,1230,48,37,37,48,11
0022400069,1260,54,50,54,50,-4
0022400063,1170,41,46,46,41,-5
0022400063,2820,110,105,105,110,5
0022400068,2490,91,90,91,90,-1
0022400066,150,2,3,3,2,-1
0022400066,1710,74,61,61,74,13
0022400063,420,15,14,14,15,1
0022400063,540,21,20,20,21,1
0022400067,2400,116,87,87,116,29
0022400069,2640,105,115,105,115,10
0022400068,1350,42,58,42,58,16
0022400070,930,39,31,31,39,8
0022400070,1260,57,42,42,57,15
0022400070,1980,85,79,79,85,6
0022400071,1680,51,51,51,51,0
0022400065,270,9,7,9,7,-2
0022400072,2070,96,67,67,96,29
0022400072,870,27,23,23,27,4
0022400066,2640,113,97,97,113,16
0022400063,2430,99,98,98,99,1
0022400070,810,34,25,25,34,9
0022400067,1560,75,56,56,75,19
0022400071,2550,86,94,94,86,-8
0022400065,180,6,6,6,6,0
0022400071,1950,60,64,64,60,-4
0022400071,2250,74,76,76,74,-2
0022400066,1620,70,55,55,70,15
0022400066,2310,102,86,86,102,16
0022400063,270,6,12,12,6,-6
0022400064,120,4,10,4,10,6
0022400064,1140,43,42,43,42,-1
0022400067,1500,71,53,53,71,18
0022400070,1170,51,37,37,51,14
0022400065,1800,78,62,78,62,-16
0022400065,2010,92,64,92,64,-28
0022400067,2760,130,104,104,130,26
0022400069,870,32,37,32,37,5
0022400072,1230,46,42,42,46,4
0022400070,210,11,10,10,11,1
0022400069,780,28,29,28,29,1
0022400072,420,9,16,16,9,-7
0022400072,1470,65,53,53,65,12
0022400070,2280,101,91,91,101,10
0022400069,1500,63,63,63,63,0
0022400071,1320,45,35,35,45,10
0022400066,1020,33,31,31,33,2
0022400066,2730,117,101,101,117,16
0022400070,1050,41,37,37,41,4
0022400067,390,14,17,17,14,-3
0022400067,2610,123,98,98,123,25
0022400071,3540,114,112,112,114,2
0022400067,1380,64,49,49,64,15
0022400070,1860,79,72,72,79,7
0022400069,1410,58,59,58,59,1
0022400068,1860,67,75,67,75,8
0022400065,1380,55,54,55,54,-1
0022400069,840,30,34,30,34,4
0022400072,1290,49,42,42,49,7
0022400072,2400,109,81,81,109,28
0022400065,840,35,34,35,34,-1
0022400065,900,38,39,38,39,1
0022400065,1170,44,49,44,49,5
0022400066,1200,43,37,37,43,6
0022400064,360,13,13,13,13,0
0022400064,720,24,30,24,30,6
0022400072,330,5,12,12,5,-7
0022400063,180,4,8,8,4,-4
0022400066,1320,54,42,42,54,12
0022400064,1560,61,57,61,57,-4
0022400072,2220,102,74,74,102,28
0022400068,870,27,33,27,33,6
0022400072,2190,100,72,72,100,28
0022400068,480,12,16,12,16,4
0022400071,2880,103,103,103,103,0
0022400063,960,37,41,41,37,-4
0022400064,600,21,24,21,24,3
0022400069,420,11,12,11,12,1
0022400069,2220,87,95,87,95,8
0022400064,60,2,6,2,6,4
0022400071,1080,37,27,27,37,10
0022400071,2040,65,67,67,65,-2
0022400065,2640,116,86,116,86,-30
0022400063,0,0,0,0,0,0
0022400070,2370,102,96,96,102,6
0022400064,420,13,15,13,15,2
0022400069,1050,43,45,43,45,2
0022400068,120,3,0,3,0,-3
0022400063,1800,69,75,75,69,-6
0022400064,2850,108,116,108,116,8
0022400069,1560,63,65,63,65,2
0022400065,1440,58,54,58,54,-4
0022400067,660,28,29,29,28,-1
0022400067,930,45,37,37,45,8
0022400065,960,38,42,38,42,4
0022400069,990,37,42,37,42,5
0022400072,960,30,31,31,30,-1
0022400066,2550,110,95,95,110,15
0022400070,630,25,22,22,25,3
0022400067,1020,49,41,41,49,8
0022400067,1170,53,45,45,53,8
0022400069,0,0,0,0,0,0
0022400068,1140,35,48,35,48,13
0022400065,1350,52,54,52,54,2
0022400071,1770,55,52,52,55,3
0022400064,1500,58,53,58,53,-5
0022400067,30,2,0,0,2,2
0022400072,1560,68,55,55,68,13
0022400063,1770,67,75,75,67,-8
0022400069,2010,77,87,77,87,10
0022400071,1980,61,64,64,61,-3
0022400071,2610,90,96,96,90,-6
0022400066,1770,77,64,64,77,13
0022400070,2250,101,91,91,101,10
0022400064,2310,87,90,87,90,3
0022400069,300,9,8,9,8,-1
0022400065,2550,116,84,116,84,-32
0022400071,2790,101,99,99,101,2
0022400071,3150,103,103,103,103,0
0022400065,2160,97,72,97,72,-25
0022400066,540,14,17,17,14,-3
0022400066,2040,94,76,76,94,18
0022400069,2850,111,123,111,123,12
0022400068,1890,67,75,67,75,8
0022400068,2640,93,93,93,93,0
0022400070,960,39,33,33,39,6
0022400065,450,19,21,19,21,2
0022400063,1260,45,50,50,45,-5
0022400063,1890,71,75,75,71,-4
0022400064,780,28,32,28,32,4
0022400072,2490,110,86,86,110,24
0022400068,2820,106,103,106,103,-3
0022400065,1740,74,62,74,62,-12
0022400064,960,39,35,39,35,-4
0022400069,480,17,17,17,17,0
0022400065,810,35,34,35,34,-1
0022400065,420,17,21,17,21,4
0022400064,2700,102,110,102,110,8
0022400069,2670,107,117,107,117,10
0022400068,2010,73,79,73,79,6
0022400071,1230,42,29,29,42,13
0022400065,90,0,1,0,1,1
0022400066,1590,67,55,55,67,12
0022400063,1470,51,61,61,51,-10
0022400063,2370,96,98,98,96,-2
0022400067,270,11,13,13,11,-2
0022400067,990,49,39,39,49,10
0022400067,2370,116,85,85,116,31
0022400068,1380,44,60,44,60,16
0022400071,540,18,20,20,18,-2
0022400065,2790,116,92,116,92,-24
0022400070,1200,54,37,37,54,17
0022400067,90,2,3,3,2,-1
0022400067,1530,73,53,53,73,20
0022400068,660,21,26,21,26,5
0022400063,2850,113,107,107,113,6
0022400067,1440,69,49,49,69,20
0022400072,1350,56,48,48,56,8
0022400065,1290,52,53,52,53,1
0022400070,60,0,2,2,0,-2
0022400070,1680,71,66,66,71,5
0022400064,1710,64,63,64,63,-1
0022400072,480,13,18,18,13,-5
0022400063,690,25,31,31,25,-6
0022400070,870,36,27,27,36,9
0022400063,2460,101,100,100,101,1
0022400071,690,21,22,22,21,-1
0022400066,810,24,25,25,24,-1
0022400066,1890,82,69,69,82,13
0022400064,2220,85,88,85,88,3
0022400071,2460,79,88,88,79,-9
0022400071,2700,95,99,99,95,-4
0022400065,630,32,30,32,30,-2
0022400063,2610,101,100,100,101,1
0022400070,900,39,29,29,39,10
0022400069,1890,70,80,70,80,10
0022400068,150,3,2,3,2,-1
0022400068,1560,53,67,53,67,14
0022400069,2340,92,102,92,102,10
0022400070,1950,83,79,79,83,4
0022400066,1920,84,72,72,84,12
0022400067,1320,62,49,49,62,13
0022400072,510,13,18,18,13,-5
0022400068,1440,49,60,49,60,11
0022400070,1290,57,42,42,57,15
0022400067,870,41,35,35,41,6
0022400069,210,7,8,7,8,1
0022400063,330,7,12,12,7,-5
0022400064,1170,43,44,43,44,1
0022400063,210,4,10,10,4,-6
0022400070,2040,87,79,79,87,8
0022400063,390,12,12,12,12,0
0022400070,90,2,5,5,2,-3
0022400067,2730,130,104,104,130,26
0022400072,1170,41,37,37,41,4
0022400066,990,33,31,31,33,2
0022400067,150,6,7,7,6,-1
0022400069,1680,66,74,66,74,8
0022400065,390,14,19,14,19,5
0022400067,840,39,32,32,39,7
0022400067,1470,71,51,51,71,20
0022400069,1350,57,54,57,54,-3
0022400068,900,27,36,27,36,9
0022400065,1110,44,47,44,47,3
0022400070,1320,57,43,43,57,14
0022400064,2430,92,99,92,99,7
0022400067,1230,57,46,46,57,11
0022400067,2520,121,90,90,121,31
0022400069,1860,70,78,70,78,8
0022400072,750,24,21,21,24,3
0022400072,1500,65,53,53,65,12
0022400071,510,18,20,20,18,-2
0022400065,1410,55,54,55,54,-1
0022400065,1680,72,59,72,59,-13
0022400063,1320,47,54,54,47,-7
0022400070,330,17,14,14,17,3
0022400067,2670,128,102,102,128,26
0022400072,2700,126,93,93,126,33
0022400068,1980,71,77,71,77,6
0022400072,450,9,18,18,9,-9
0022400066,870,29,27,27,29,2
0022400066,1290,54,42,42,54,12
0022400071,2340,76,84,84,76,-8
0022400070,600,23,20,20,23,3
0022400064,2040,77,80,77,80,3
0022400072,720,21,21,21,21,0
0022400071,450,18,20,20,18,-2
0022400071,1170,40,29,29,40,11
0022400068,930,30,38,30,38,8
0022400066,210,4,4,4,4,0
0022400064,2880,116,120,116,120,4
0022400063,630,25,27,27,25,-2
0022400066,1740,77,63,63,77,14
0022400066,1860,82,65,65,82,17
0022400070,2790,120,118,118,120,2
0022400063,2550,101,100,100,101,1
0022400070,270,14,14,14,14,0
0022400070,1080,43,37,37,43,6
0022400069,2190,85,95,85,95,10
0022400068,360,12,14,12,14,2
0022400068,1110,33,46,33,46,13
0022400068,2580,93,93,93,93,0
0022400066,1680,72,59,59,72,13
0022400063,2340,96,98,98,96,-2
0022400072,600,18,18,18,18,0
0022400068,1230,40,53,40,53,13
0022400068,2280,85,83,85,83,-2
0022400064,510,15,20,15,20,5
0022400071,60,2,2,2,2,0
0022400071,2850,103,103,103,103,0
0022400064,150,4,13,4,13,9
0022400071,1530,49,44,44,49,5
0022400069,1710,66,74,66,74,8
0022400072,2670,124,91,91,124,33
0022400068,1080,33,46,33,46,13
0022400064,2250,85,88,85,88,3
0022400067,240,11,11,11,11,0
0022400069,600,21,25,21,25,4
0022400063,2760,108,104,104,108,4
0022400067,960,49,39,39,49,10
0022400072,810,24,21,21,24,3
0022400071,1380,45,37,37,45,8
0022400066,2160,100,81,81,100,19
0022400066,2670,115,97,97,115,18
0022400070,780,34,23,23,34,11
0022400064,90,4,8,4,8,4
0022400068,2040,73,81,73,81,8
0022400063,900,37,38,38,37,-1
0022400072,1710,72,60,60,72,12
0022400063,1200,43,48,48,43,-5
0022400071,1560,49,46,46,49,3
0022400067,480,17,22,22,17,-5
0022400067,1890,90,64,64,90,26
0022400068,540,12,18,12,18,6
0022400071,3600,116,113,113,116,3
0022400070,2610,112,109,109,112,3
0022400064,30,0,3,0,3,3
0022400069,180,7,6,7,6,-1
0022400072,990,32,33,33,32,-1
0022400069,1290,57,50,57,50,-7
0022400068,420,12,16,12,16,4
0022400064,480,15,17,15,17,2
0022400064,1350,51,48,51,48,-3
0022400067,2580,123,96,96,123,27
0022400071,240,10,9,9,10,1
0022400071,2580,88,94,94,88,-6
0022400066,1560,67,55,55,67,12
0022400063,2400,99,98,98,99,1
0022400070,2670,116,114,114,116,2
0022400064,570,19,22,19,22,3
0022400067,2280,109,83,83,109,26
0022400067,2550,123,93,93,123,30
0022400071,2910,103,103,103,103,0
0022400071,3240,103,103,103,103,0
0022400066,450,12,12,12,12,0
0022400070,2730,118,116,116,118,2
0022400064,660,21,26,21,26,5
0022400067,570,25,27,27,25,-2
0022400068,2220,83,83,83,83,0
0022400069,2160,83,95,83,95,12
0022400068,0,0,0,0,0,0
0022400066,840,27,27,27,27,0
0022400070,480,20,16,16,20,4
0022400064,1800,66,66,66,66,0
0022400064,2670,102,108,102,108,6
0022400067,1110,51,45,45,51,6
0022400068,2760,100,98,100,98,-2
0022400069,510,17,20,17,20,3
0022400069,1200,52,48,52,48,-4
0022400072,1920,88,63,63,88,25
0022400071,3360,105,106,106,105,-1
0022400071,840,29,27,27,29,2
0022400065,990,38,42,38,42,4
0022400063,1680,65,74,74,65,-9
0022400063,2220,87,95,95,87,-8
0022400069,2520,95,111,95,111,16
0022400072,360,7,14,14,7,-7
0022400071,120,2,3,3,2,-1
0022400069,720,25,29,25,29,4
0022400072,2850,140,104,104,140,36
0022400068,2460,91,88,91,88,-3
0022400065,2400,107,82,107,82,-25
0022400063,30,0,3,3,0,-3
0022400070,2880,126,124,124,126,2
0022400072,570,15,18,18,15,-3
0022400072,1110,36,37,37,36,-1
0022400072,2460,110,83,83,110,27
0022400070,1110,46,37,37,46,9
0022400069,330,9,10,9,10,1
0022400072,2760,131,95,95,131,36
0022400071,3030,103,103,103,103,0
0022400064,1470,58,51,58,51,-7
0022400071,1470,47,41,41,47,6
0022400071,2010,65,67,67,65,-2
0022400063,510,21,18,18,21,3
0022400063,2790,110,105,105,110,5
0022400070,1770,77,69,69,77,8
0022400064,1890,69,71,69,71,2
0022400064,2190,85,86,85,86,1
0022400072,1830,83,63,63,83,20
0022400066,120,2,3,3,2,-1
0022400066,630,19,17,17,19,2
0022400064,300,8,13,8,13,5
0022400071,1620,51,48,48,51,3
0022400071,2430,79,86,86,79,-7
0022400065,2100,94,70,94,70,-24
0022400069,390,11,12,11,12,1
0022400069,2790,108,123,108,123,15
0022400068,1770,61,75,61,75,14
0022400070,2700,116,114,114,116,2
0022400067,2220,109,81,81,109,28
0022400072,210,3,10,10,3,-7
0022400065,1950,89,64,89,64,-25
0022400071,150,3,5,5,3,-2
0022400063,1710,65,74,74,65,-9
0022400065,780,35,34,35,34,-1
0022400066,660,19,19,19,19,0
0022400070,2400,102,101,101,102,1
0022400069,1470,61,61,61,61,0
0022400071,3180,103,103,103,103,0
0022400065,0,0,0,0,0,0
0022400069,2550,99,113,99,113,14
0022400065,480,22,21,22,21,-1
0022400071,1650,51,48,48,51,3
0022400066,2460,107,92,92,107,15
0022400069,2370,92,102,92,102,10
0022400072,1770,77,63,63,77,14
0022400068,1200,37,50,37,50,13
0022400069,2070,79,90,79,90,11
0022400072,240,3,10,10,3,-7
0022400072,2040,91,67,67,91,24
0022400071,3390,108,106,106,108,2
0022400064,1380,53,50,53,50,-3
0022400067,540,22,27,27,22,-5
0022400067,630,28,27,27,28,1
0022400066,90,2,3,3,2,-1
0022400066,750,22,23,23,22,-1
0022400063,450,17,16,16,17,1
0022400067,2700,130,102,102,130,28
0022400069,240,7,8,7,8,1
0022400072,1740,74,63,63,74,11
0022400064,2580,97,104,97,104,7
0022400065,1260,51,51,51,51,0
0022400064,1410,55,50,55,50,-5
0022400071,1500,49,41,41,49,8
0022400063,1230,43,48,48,43,-5
0022400066,1800,80,64,64,80,16
0022400067,900,43,35,35,43,8
0022400070,1350,59,46,46,59,13
0022400071,3510,112,110,110,112,2
0022400067,1290,60,46,46,60,14
0022400069,660,23,27,23,27,4
0022400072,2580,117,87,87,117,30
0022400071,3270,103,103,103,103,0
0022400065,600,29,28,29,28,-1
0022400064,810,31,33,31,33,2
0022400069,120,5,6,5,6,1
0022400071,2670,93,99,99,93,-6
0022400064,630,21,26,21,26,5
0022400068,2790,103,100,103,100,-3
0022400063,360,10,12,12,10,-2
0022400068,1950,69,77,69,77,8
0022400068,2130,77,83,77,83,6
0022400071,1260,42,31,31,42,11
0022400068,2880,110,105,110,105,-5
0022400065,2460,113,84,113,84,-29
0022400071,1200,42,29,29,42,13
0022400071,3450,110,106,106,110,4
0022400071,3300,103,103,103,103,0
0022400065,1590,66,54,66,54,-12
0022400067,210,9,11,11,9,-2
0022400069,450,14,15,14,15,1
0022400069,1800,68,76,68,76,8
0022400070,1710,73,66,66,73,7
0022400069,750,28,29,28,29,1
0022400068,600,19,23,19,23,4
0022400071,3480,112,108,108,112,4
0022400069,2430,94,107,94,107,13
0022400068,2730,98,98,98,98,0
0022400066,1260,51,39,39,51,12
0022400065,1710,74,62,74,62,-12
0022400069,2490,95,109,95,109,14
0022400068,1830,64,75,64,75,11
0022400063,240,4,12,12,4,-8
0022400063,1050,39,43,43,39,-4
0022400069,360,11,12,11,12,1
0022400068,1410,46,60,46,60,14
0022400065,1890,85,64,85,64,-21
0022400064,1050,41,37,41,37,-4
0022400064,2400,90,95,90,95,5
0022400069,2460,94,109,94,109,15
0022400070,1800,77,70,70,77,7
0022400064,1110,43,39,43,39,-4
0022400063,1590,60,68,68,60,-8
0022400063,1620,63,70,70,63,-7
0022400071,2640,90,98,98,90,-8
0022400066,270,4,8,8,4,-4
0022400063,1830,69,75,75,69,-6
0022400067,2130,102,77,77,102,25
0022400072,60,1,5,5,1,-4
0022400072,1140,39,37,37,39,2
0022400068,1710,61,75,61,75,14
0022400071,1350,45,35,35,45,10
0022400071,1590,51,48,48,51,3
0022400066,420,12,12,12,12,0
0022400063,720,25,31,31,25,-6
0022400064,1830,66,69,66,69,3
0022400067,1980,93,69,69,93,24
0022400072,2370,106,81,81,106,25
0022400063,1350,47,54,54,47,-7
0022400070,2460,104,104,104,104,0
0022400066,300,6,10,10,6,-4
0022400066,1650,72,57,57,72,15
0022400063,1290,47,52,52,47,-5
0022400070,1440,61,50,50,61,11
0022400070,2640,114,111,111,114,3
0022400064,1620,61,59,61,59,-2
0022400069,150,7,6,7,6,-1
0022400065,720,32,32,32,32,0
0022400072,1620,70,58,58,70,12
0022400071,600,21,22,22,21,-1
0022400071,2070,67,70,70,67,-3
0022400072,2340,106,80,80,106,26
0022400068,240,6,4,6,4,-2
0022400072,2550,115,87,87,115,28
0022400071,2820,101,101,101,101,0
0022400071,3060,103,103,103,103,0
0022400065,2850,116,94,116,94,-22
0022400066,720,22,23,23,22,-1
0022400063,990,37,41,41,37,-4
0022400067,780,37,32,32,37,5
0022400069,630,21,25,21,25,4
0022400072,2880,140,104,104,140,36
0022400063,2160,82,90,90,82,-8
0022400066,2880,124,109,109,124,15
0022400070,1530,64,54,54,64,10
0022400067,2040,95,72,72,95,23
0022400069,2040,79,90,79,90,11
0022400071,1830,55,60,60,55,-5
0022400072,2820,135,101,101,135,34
0022400065,360,11,17,11,17,6
0022400070,1620,69,64,64,69,5
0022400067,2100,101,75,75,101,26
0022400068,1650,57,67,57,67,10
0022400071,3330,105,106,106,105,-1
0022400071,660,21,22,22,21,-1
0022400066,2700,115,99,99,115,16
0022400063,2490,101,100,100,101,1
0022400069,540,17,23,17,23,6
0022400065,2310,101,80,101,80,-21
0022400063,2190,85,92,92,85,-7
0022400066,780,24,25,25,24,-1
0022400066,2760,117,101,101,117,16
0022400070,1590,67,62,62,67,5
0022400069,1230,54,50,54,50,-4
0022400065,1830,82,62,82,62,-20
0022400065,2820,116,92,116,92,-24
0022400071,2400,79,86,86,79,-7
0022400071,1800,55,54,54,55,1
0022400066,2370,105,88,88,105,17
0022400066,2790,120,103,103,120,17
0022400064,1530,61,56,61,56,-5
0022400072,540,15,18,18,15,-3
0022400068,1050,31,44,31,44,13
0022400069,1830,70,76,70,76,6
0022400072,2730,128,93,93,128,35
0022400066,1380,55,44,44,55,11
0022400067,180,6,7,7,6,-1
0022400067,2070,98,75,75,98,23
0022400065,1530,61,54,61,54,-7
0022400066,600,16,17,17,16,-1
0022400064,1980,73,75,73,75,2
0022400071,2160,72,74,74,72,-2
0022400065,2130,97,70,97,70,-27
0022400071,1110,37,27,27,37,10
0022400065,1080,43,47,43,47,4
0022400067,300,11,16,16,11,-5
0022400072,2100,96,68,68,96,28
0022400071,0,0,0,0,0,0
0022400065,1320,52,54,52,54,2
0022400066,1950,86,72,72,86,14
0022400063,1380,47,56,56,47,-9
0022400064,1770,64,65,64,65,1
0022400069,1950,77,83,77,83,6
0022400071,210,7,9,9,7,-2
0022400068,2670,96,96,96,96,0
0022400066,2610,112,97,97,112,15
0022400063,2640,103,100,100,103,3
0022400064,1020,41,35,41,35,-6
0022400067,1260,60,46,46,60,14
0022400072,840,24,21,21,24,3
0022400068,2700,98,98,98,98,0
0022400065,120,4,3,4,3,-1
0022400070,180,11,8,8,11,3
0022400064,2760,106,110,106,110,4
0022400067,120,2,5,5,2,-3
0022400067,2160,105,79,79,105,26
0022400068,210,6,4,6,4,-2
0022400071,300,12,14,14,12,-2
0022400071,2520,84,91,91,84,-7
0022400065,660,32,32,32,32,0
0022400068,390,12,14,12,14,2
0022400069,570,17,23,17,23,6
0022400069,2580,99,115,99,115,16
0022400072,1860,83,63,63,83,20
0022400072,300,3,12,12,3,-9
0022400068,1740,61,75,61,75,14
0022400066,2340,105,88,88,105,17
0022400070,660,25,22,22,25,3
0022400064,1260,46,46,46,46,0
0022400067,1080,49,43,43,49,6
0022400067,2640,127,102,102,127,25
0022400070,300,14,14,14,14,0
0022400067,1050,49,41,41,49,8
0022400072,1440,62,50,50,62,12
0022400063,2580,101,100,100,101,1
0022400063,300,6,12,12,6,-6
0022400064,1740,64,63,64,63,-1
0022400069,60,2,2,2,2,0
0022400071,1740,53,52,52,53,1
0022400068,810,25,31,25,31,6
0022400063,2100,82,84,84,82,-2
0022400064,2340,89,90,89,90,1
0022400069,1770,66,76,66,76,10
0022400072,2520,112,86,86,112,26
0022400071,900,31,27,27,31,4
0022400071,2130,72,74,74,72,-2
0022400065,2730,116,86,116,86,-30
0022400063,120,2,6,6,2,-4
0022400070,2490,104,105,105,104,-1
0022400064,2550,95,104,95,104,9
0022400067,2430,116,87,87,116,29
0022400071,390,16,18,18,16,-2
0022400070,2100,89,84,84,89,5
0022400072,1020,34,33,33,34,1
0022400072,1380,58,50,50,58,8
0022400068,30,0,0,0,0,0
0022400070,1230,54,38,38,54,16
0022400064,2790,106,110,106,110,4
0022400068,1590,55,67,55,67,12
0022400071,1920,59,62,62,59,-3
0022400071,1860,57,60,60,57,-3
0022400069,1140,47,48,47,48,1
0022400068,1920,69,77,69,77,8
0022400068,2370,85,88,85,88,3
0022400071,2940,103,103,103,103,0
0022400065,2760,116,88,116,88,-28
0022400070,1740,75,69,69,75,6
0022400064,2730,106,110,106,110,4
0022400067,1950,92,67,67,92,25
0022400071,480,18,20,20,18,-2
0022400064,2820,108,112,108,112,4
0022400066,2100,94,78,78,94,16
0022400070,2520,107,105,105,107,2
0022400067,1680,79,56,56,79,23
0022400067,420,17,17,17,17,0
0022400067,750,35,32,32,35,3
0022400067,1590,75,56,56,75,19
0022400072,2430,109,83,83,109,26
0022400070,120,3,8,8,3,-5
0022400067,2340,112,85,85,112,27
0022400069,30,2,2,2,2,0
0022400072,180,3,10,10,3,-7
0022400063,1560,58,68,68,58,-10
0022400065,150,6,4,6,4,-2
0022400066,1080,36,35,35,36,1
0022400063,1140,41,43,43,41,-2
0022400071,2370,79,86,86,79,-7
0022400065,1860,82,62,82,62,-20
0022400065,2490,113,84,113,84,-29
0022400066,510,12,17,17,12,-5
0022400066,1110,36,35,35,36,1
0022400064,0,0,0,0,0,0
0022400072,1080,36,35,35,36,1
0022400068,1530,51,67,51,67,16
0022400063,1950,76,75,75,76,1
0022400070,1890,81,74,74,81,7
0022400070,2130,89,84,84,89,5
0022400069,2880,111,123,111,123,12
0022400068,570,16,21,16,21,5
0022400068,780,25,28,25,28,3
0022400067,1140,51,45,45,51,6
0022400065,2670,116,86,116,86,-30
0022400066,1830,82,64,64,82,18
0022400069,90,2,4,2,4,2
0022400070,840,34,27,27,34,7
0022400068,2070,75,81,75,81,6
0022400067,690,31,32,32,31,-1
0022400069,1440,58,59,58,59,1
0022400067,1350,62,49,49,62,13
0022400068,2850,106,103,106,103,-3
0022400069,690,23,29,23,29,6
0022400064,1200,43,44,43,44,1
0022400068,1320,42,58,42,58,16
0022400066,390,10,12,12,10,-2
0022400064,1080,41,37,41,37,-4
0022400071,3120,103,103,103,103,0
0022400068,1170,37,50,37,50,13
0022400071,930,31,27,27,31,4
0022400065,570,26,26,26,26,0
0022400070,990,41,33,33,41,8
0022400064,1590,61,59,61,59,-2
0022400072,1200,44,39,39,44,5
0022400068,720,21,26,21,26,5
0022400071,2220,74,74,74,74,0
0022400066,1410,58,45,45,58,13
0022400066,2850,122,107,107,122,15
0022400063,2880,115,109,109,115,6
0022400066,1470,61,47,47,61,14
0022400066,2070,94,78,78,94,16
0022400064,2370,89,90,89,90,1
0022400068,2520,91,93,91,93,2
0022400071,720,23,22,22,23,1
0022400072,2160,100,72,72,100,28
0022400068,1260,40,55,40,55,15
0022400071,870,29,27,27,29,2
0022400063,60,0,3,3,0,-3
0022400063,1080,39,43,43,39,-4
0022400069,1530,63,63,63,63,0
0022400069,2130,83,95,83,95,12
0022400069,2760,108,123,108,123,15
0022400070,30,0,0,0,0,0
0022400069,1740,66,76,66,76,10
0022400063,660,25,29,29,25,-4
0022400063,2250,89,95,95,89,-6
0022400071,750,23,22,22,23,1
0022400070,2760,120,117,117,120,3
0022400067,2820,134,104,104,134,30
0022400069,1620,66,69,66,69,3
0022400068,2190,81,83,81,83,2
0022400071,330,15,14,14,15,1
0022400066,2400,105,90,90,105,15
0022400069,2100,81,90,81,90,9
0022400072,1590,70,55,55,70,15
0022400068,1290,40,58,40,58,18
0022400063,2040,80,82,82,80,-2
0022400070,2820,122,118,118,122,4
0022400072,150,3,10,10,3,-7
0022400071,1410,47,39,39,47,8
0022400065,1500,60,54,60,54,-6
0022400065,750,32,32,32,32,0
0022400070,2220,98,88,88,98,10
0022400068,2100,75,81,75,81,6
0022400071,2310,74,80,80,74,-6
0022400063,2700,106,102,102,106,4
0022400070,1380,61,48,48,61,13
0022400068,750,24,28,24,28,4
0022400071,270,10,11,11,10,-1
0022400063,2070,82,82,82,82,0
0022400065,2370,105,80,105,80,-25
0022400065,2610,116,86,116,86,-30
0022400063,480,19,18,18,19,1
0022400071,630,21,22,22,21,-1
0022400072,2610,117,89,89,117,28
0022400065,510,22,24,22,24,2
0022400069,2820,108,123,108,123,15
0022400072,2280,102,76,76,102,26
0022400063,870,32,35,35,32,-3
0022400064,240,6,13,6,13,7
0022400064,2490,92,102,92,102,10
0022400069,1920,73,80,73,80,7
0022400066,2220,102,84,84,102,18
0022400064,1860,66,69,66,69,3
0022400072,390,9,16,16,9,-7
0022400071,990,34,27,27,34,7
0022400070,420,17,16,16,17,1
0022400064,1320,51,48,51,48,-3
0022400067,0,0,0,0,0,0
0022400068,1500,51,65,51,65,14
0022400068,2550,91,93,91,93,2
0022400071,3210,103,103,103,103,0
0022400066,900,29,27,27,29,2
0022400063,1860,71,75,75,71,-4
0022400070,1140,49,37,37,49,12
0022400067,2460,118,90,90,118,28
0022400072,630,21,19,19,21,2
0022400068,270,6,10,6,10,4
0022400070,2010,85,79,79,85,6
0022400072,2790,133,98,98,133,35
0022400068,840,27,31,27,31,4
0022400066,1140,39,37,37,39,2
0022400065,540,26,24,26,24,-2
0022400066,1440,58,47,47,58,11
0022400065,1470,60,54,60,54,-6
0022400063,1020,37,43,43,37,-6
0022400070,540,23,16,16,23,7
0022400072,1980,89,65,65,89,24
0022400071,810,26,27,27,26,-1
0022400065,1140,44,47,44,47,3
0022400069,2250,90,98,90,98,8
0022400065,330,11,12,11,12,1
0022400067,1770,85,57,57,85,28
0022400068,1800,64,75,64,75,11
0022400065,2280,101,80,101,80,-21
0022400069,930,37,40,37,40,3
0022400068,300,8,10,8,10,2
0022400071,1050,34,27,27,34,7
0022400069,2700,107,119,107,119,12
0022400063,1920,74,75,75,74,-1
0022400068,960,31,38,31,38,7
0022400064,1290,48,46,48,46,-2
0022400069,2280,90,98,90,98,8
0022400072,1260,49,42,42,49,7
0022400064,1680,64,61,64,61,-3
0022400066,0,0,0,0,0,0
0022400063,2130,82,87,87,82,-5
0022400067,2310,112,85,85,112,27
0022400065,930,38,42,38,42,4
0022400070,690,27,23,23,27,4
0022400067,2850,136,106,106,136,30
0022400069,2730,107,119,107,119,12
0022400072,270,3,10,10,3,-7
0022400063,1980,78,77,77,78,1
0022400070,720,29,23,23,29,6
0022400064,2280,85,88,85,88,3
0022400069,1020,40,45,40,45,5
0022400065,1770,78,62,78,62,-16
0022400067,1710,81,56,56,81,25
0022400065,2250,99,76,99,76,-23
0022400066,1350,55,44,44,55,11
0022400070,570,23,18,18,23,5
0022400067,1740,83,56,56,83,27
0022400065,870,35,37,35,37,2
0022400065,2040,92,64,92,64,-28
0022400068,2430,88,88,88,88,0
0022400063,1650,65,72,72,65,-7
0022400070,2550,110,105,105,110,5
0022400064,330,11,13,11,13,2
0022400067,1860,87,62,62,87,25
0022400072,90,1,5,5,1,-4
0022400069,1320,57,52,57,52,-5
0022400066,2430,107,92,92,107,15
0022400070,360,17,15,15,17,2
0022400064,540,16,22,16,22,6
0022400064,2160,83,83,83,83,0
0022400069,960,37,40,37,40,3
0022400071,2760,98,99,99,98,-1
0022400066,2520,109,95,95,109,14
0022400063,2520,101,100,100,101,1
0022400068,330,11,10,11,10,-1
0022400066,2250,102,84,84,102,18
0022400065,2880,116,97,116,97,-19
0022400070,510,23,16,16,23,7
0022400068,1620,57,67,57,67,10
0022400068,1680,59,70,59,70,11
0022400071,3420,108,106,106,108,2
0022400066,2280,102,86,86,102,16
0022400070,2070,89,82,82,89,7
0022400070,2580,112,107,107,112,5
0022400064,900,36,35,36,35,-1
0022400065,1200,46,49,46,49,3
0022400066,1530,67,53,53,67,14
0022400063,150,4,6,6,4,-2
0022400070,2190,95,88,88,95,7
0022400064,1440,55,51,55,51,-4
0022400072,780,24,21,21,24,3
0022400071,2280,74,78,78,74,-4
0022400072,900,27,25,25,27,2
0022400072,1410,61,50,50,61,11
0022400068,450,12,16,12,16,4
0022400068,2250,85,83,85,83,-2
0022400065,300,11,9,11,9,-2
0022400064,2100,82,83,82,83,1
0022400067,1830,87,61,61,87,26
0022400072,0,0,0,0,0,0
0022400072,1650,70,60,60,70,10
0022400065,1920,87,64,87,64,-23
0022400065,2700,116,86,116,86,-30
0022400065,2520,116,84,116,84,-32
0022400070,2340,102,94,94,102,8
0022400072,1950,89,63,63,89,26
0022400068,1020,31,42,31,42,11
0022400065,2340,101,80,101,80,-21
0022400070,1020,41,33,33,41,8
0022400064,1230,46,46,46,46,0
0022400064,1920,69,73,69,73,4
0022400072,1320,54,48,48,54,6
0022400063,1500,52,64,64,52,-12
0022400067,1410,65,49,49,65,16
0022400069,1380,57,56,57,56,-1
0022400063,570,21,20,20,21,1
0022400069,1650,66,71,66,71,5
0022400070,1650,69,64,64,69,5
0022400066,240,4,6,6,4,-2
0022400063,930,37,38,38,37,-1
0022400070,2160,93,86,86,93,7
0022400063,840,30,35,35,30,-5
0022400070,2430,104,102,102,104,2
0022400064,390,13,13,13,13,0
0022400071,1440,47,39,39,47,8
0022400066,570,16,17,17,16,-1
0022400071,360,15,16,16,15,-1
0022400071,570,18,22,22,18,-4
0022400065,60,0,0,0,0,0
0022400069,1110,45,45,45,45,0
0022400072,1050,34,33,33,34,1
0022400066,480,12,15,15,12,-3
0022400066,1050,33,33,33,33,0
0022400067,600,26,27,27,26,-1
0022400065,1050,43,42,43,42,-1
0022400065,2580,116,84,116,84,-32
0022400065,1980,92,64,92,64,-28
0022400066,360,10,12,12,10,-2
0022400063,2280,91,96,96,91,-5
0022400065,30,0,0,0,0,0
0022400065,1560,64,54,64,54,-10
0022400064,270,6,13,6,13,7
0022400072,30,0,2,2,0,-2
0022400068,990,31,40,31,40,9
0022400072,2010,91,67,67,91,24
0022400071,1020,34,27,27,34,7
0022400072,660,21,19,19,21,2
0022400066,930,31,29,29,31,2
0022400063,2310,93,96,96,93,-3
0022400064,750,28,32,28,32,4
0022400064,990,41,35,41,35,-6
0022400067,510,20,22,22,20,-2
0022400068,2160,79,83,79,83,4
0022400065,1020,40,42,40,42,2
0022400066,2190,102,84,84,102,18
0022400066,30,0,0,0,0,0
0022400063,1530,55,64,64,55,-9
0022400070,240,11,12,12,11,-1
0022400070,1560,64,60,60,64,4
0022400067,1800,85,57,57,85,28
0022400067,2490,121,90,90,121,31
0022400069,1170,47,48,47,48,1
0022400066,1980,89,72,72,89,17
0022400066,2490,107,92,92,107,15
0022400070,1470,64,52,52,64,12
0022400064,840,31,33,31,33,2
0022400069,810,30,32,30,32,2
0022400069,900,32,37,32,37,5
0022400071,1290,45,31,31,45,14
0022400066,1170,41,37,37,41,4
0022400064,930,39,35,39,35,-4
0022400069,1980,77,83,77,83,6
0022400072,1680,70,60,60,70,10
0022400064,2520,95,104,95,104,9
0022400069,2610,101,115,101,115,14
0022400064,180,4,13,4,13,9
0022400072,1800,80,63,63,80,17
0022400068,630,21,26,21,26,5
0022400071,420,18,18,18,18,0
0022400070,1830,77,70,70,77,7
0022400072,1530,66,55,55,66,11
0022400072,2310,104,80,80,104,24
0022400068,180,3,4,3,4,1
0022400068,2340,85,86,85,86,1
0022400066,2820,120,105,105,120,15
0022400069,270,7,8,7,8,1
0022400066,180,4,3,3,4,1
0022400066,2130,98,78,78,98,20
0022400070,2850,124,121,121,124,3
0022400064,2010,77,77,77,77,0
0022400068,2610,93,93,93,93,0
0022400065,2430,110,82,110,82,-28
0022400063,90,2,3,3,2,-1
0022400067,2010,95,70,70,95,25
0022400068,2400,85,88,85,88,3
0022400066,1500,64,51,51,64,13
0022400071,2100,69,70,70,69,-1
0022400066,60,2,3,3,2,-1
0022400063,1440,49,58,58,49,-9
0022400072,1890,83,63,63,83,20
0022400072,2250,102,74,74,102,28
0022400071,1710,53,51,51,53,2
0022400071,1890,57,62,62,57,-5
0022400068,2310,85,86,85,86,1
0022400071,1140,40,29,29,40,11
0022400064,1950,71,75,71,75,4
0022400067,450,17,20,20,17,-3
0022400067,2790,132,104,104,132,28
0022400073,150,7,7,7,7,0
0022400073,2340,111,81,81,111,30
0022400073,2880,122,102,102,122,20
0022400075,420,15,19,15,19,4
0022400076,870,33,38,38,33,-5
0022400073,2460,113,85,85,113,28
0022400074,870,24,22,24,22,-2
0022400074,1410,49,47,49,47,-2
0022400074,1890,68,71,68,71,3
0022400075,2340,92,75,92,75,-17
0022400076,750,29,34,34,29,-5
0022400073,1380,62,54,54,62,8
0022400075,2070,83,66,83,66,-17
0022400076,1500,58,64,64,58,-6
0022400075,1650,67,62,67,62,-5
0022400075,2610,98,80,98,80,-18
0022400073,510,20,24,24,20,-4
0022400073,2100,94,70,70,94,24
0022400073,2280,107,77,77,107,30
0022400074,450,20,15,20,15,-5
0022400075,990,42,32,42,32,-10
0022400075,1440,58,51,58,51,-7
0022400076,690,26,32,32,26,-6
0022400075,870,35,30,35,30,-5
0022400075,2370,92,75,92,75,-17
0022400073,60,5,3,3,5,2
0022400073,300,12,15,15,12,-3
0022400073,1080,49,46,46,49,3
0022400073,2430,113,85,85,113,28
0022400074,1800,62,69,62,69,7
0022400074,2550,92,111,92,111,19
0022400076,60,0,3,3,0,-3
0022400076,1140,45,48,48,45,-3
0022400074,2880,109,120,109,120,11
0022400075,270,8,14,8,14,6
0022400075,840,35,30,35,30,-5
0022400075,1200,49,45,49,45,-4
0022400076,120,5,5,5,5,0
0022400076,2010,83,88,88,83,-5
0022400075,1350,58,49,58,49,-9
0022400075,2760,100,87,100,87,-13
0022400074,990,30,27,30,27,-3
0022400074,1650,53,61,53,61,8
0022400074,2040,77,85,77,85,8
0022400074,2340,83,103,83,103,20
0022400074,2460,87,106,87,106,19
0022400074,2670,103,116,103,116,13
0022400076,1260,48,50,50,48,-2
0022400073,1830,85,62,62,85,23
0022400074,1170,38,38,38,38,0
0022400075,30,0,3,0,3,3
0022400076,180,8,7,7,8,1
0022400076,360,11,17,17,11,-6
0022400076,2640,110,108,108,110,2
0022400073,900,38,36,36,38,2
0022400073,2790,121,98,98,121,23
0022400074,1380,49,47,49,47,-2
0022400074,1830,62,69,62,69,7
0022400074,1920,70,72,70,72,2
0022400075,1110,46,38,46,38,-8
0022400075,1590,65,56,65,56,-9
0022400073,870,36,36,36,36,0
0022400073,1890,85,64,64,85,21
0022400073,2190,101,73,73,101,28
0022400073,2370,113,83,83,113,30
0022400074,780,22,22,22,22,0
0022400074,1320,45,42,45,42,-3
0022400075,2190,85,71,85,71,-14
0022400074,210,8,4,8,4,-4
0022400074,510,20,18,20,18,-2
0022400075,120,5,3,5,3,-2
0022400076,270,8,11,11,8,-3
0022400073,1530,71,56,56,71,15
0022400074,2160,80,87,80,87,7
0022400075,1800,73,66,73,66,-7
0022400075,2280,89,73,89,73,-16
0022400073,750,33,32,32,33,1
0022400073,1050,47,46,46,47,1
0022400073,2760,119,96,96,119,23
0022400074,690,22,20,22,20,-2
0022400074,1530,51,53,51,53,2
0022400075,1620,65,60,65,60,-5
0022400073,180,9,7,7,9,2
0022400075,1920,75,66,75,66,-9
0022400076,2040,83,88,88,83,-5
0022400076,2220,91,91,91,91,0
0022400074,660,22,20,22,20,-2
0022400074,2850,109,120,109,120,11
0022400076,810,31,36,36,31,-5
0022400076,1110,45,48,48,45,-3
0022400076,2190,91,91,91,91,0
0022400073,600,27,28,28,27,-1
0022400073,2820,121,102,102,121,19
0022400075,210,5,7,5,7,2
0022400076,2370,97,99,99,97,-2
0022400076,2610,110,108,108,110,2
0022400075,1980,78,66,78,66,-12
0022400076,330,11,14,14,11,-3
0022400073,930,41,36,36,41,5
0022400073,990,45,40,40,45,5
0022400073,2010,90,70,70,90,20
0022400074,1440,49,47,49,47,-2
0022400074,1500,49,50,49,50,1
0022400074,2820,107,120,107,120,13
0022400076,1200,48,50,50,48,-2
0022400076,2490,103,99,99,103,4
0022400073,1200,54,51,51,54,3
0022400073,2310,111,79,79,111,32
0022400074,930,26,22,26,22,-4
0022400074,2490,90,108,90,108,18
0022400075,690,31,24,31,24,-7
0022400076,0,0,0,0,0,0
0022400073,2580,115,90,90,115,25
0022400075,1830,75,66,75,66,-9
0022400075,2400,92,75,92,75,-17
0022400076,1290,51,50,50,51,1
0022400076,720,29,32,32,29,-3
0022400076,1230,48,50,50,48,-2
0022400073,1170,54,51,51,54,3
0022400073,1620,73,58,58,73,15
0022400074,1290,42,40,42,40,-2
0022400074,1560,51,53,51,53,2
0022400074,2430,87,106,87,106,19
0022400075,2670,100,82,100,82,-18
0022400076,1770,69,79,79,69,-10
0022400076,2790,114,112,112,114,2
0022400075,390,13,19,13,19,6
0022400073,420,14,22,22,14,-8
0022400073,690,32,32,32,32,0
0022400073,840,36,36,36,36,0
0022400073,1020,47,42,42,47,5
0022400074,600,22,20,22,20,-2
0022400074,1110,36,32,36,32,-4
0022400073,1230,57,53,53,57,4
0022400075,1020,42,32,42,32,-10
0022400075,1530,61,56,61,56,-5
0022400076,1440,55,59,59,55,-4
0022400073,210,12,10,10,12,2
0022400075,1260,54,45,54,45,-9
0022400076,2130,89,88,88,89,1
0022400076,2280,91,92,92,91,-1
0022400073,390,14,19,19,14,-5
0022400073,2850,122,102,102,122,20
0022400075,240,7,11,7,11,4
0022400075,480,20,21,20,21,1
0022400075,1170,46,40,46,40,-6
0022400076,1800,71,81,81,71,-10
0022400073,630,27,28,28,27,-1
0022400073,1680,75,58,58,75,17
0022400074,960,30,27,30,27,-3
0022400074,1050,36,30,36,30,-6
0022400074,2580,95,114,95,114,19
0022400076,600,21,23,23,21,-2
0022400076,1320,51,50,50,51,1
0022400076,1890,76,84,84,76,-8
0022400073,270,12,10,10,12,2
0022400073,2220,104,75,75,104,29
0022400074,90,6,2,6,2,-4
0022400074,2610,98,114,98,114,16
0022400075,780,33,26,33,26,-7
0022400075,2250,87,73,87,73,-14
0022400076,2400,100,99,99,100,1
0022400076,2760,112,112,112,112,0
0022400076,2850,115,115,115,115,0
0022400073,1920,87,66,66,87,21
0022400075,1290,56,47,56,47,-9
0022400075,1860,75,66,75,66,-9
0022400076,150,8,5,5,8,3
0022400076,960,39,43,43,39,-4
0022400076,2070,86,88,88,86,-2
0022400076,1980,80,88,88,80,-8
0022400073,570,25,28,28,25,-3
0022400074,2790,105,118,105,118,13
0022400075,1230,52,45,52,45,-7
0022400075,2490,96,78,96,78,-18
0022400076,210,8,11,11,8,-3
0022400076,660,24,29,29,24,-5
0022400073,810,33,36,36,33,-3
0022400073,1950,90,68,68,90,22
0022400074,1350,47,44,47,44,-3
0022400074,1770,59,69,59,69,10
0022400074,2520,90,111,90,111,21
0022400076,840,33,38,38,33,-5
0022400075,2730,100,87,100,87,-13
0022400075,2850,102,87,102,87,-15
0022400073,2610,115,90,90,115,25
0022400074,30,0,0,0,0,0
0022400074,180,6,4,6,4,-2
0022400075,0,0,0,0,0,0
0022400075,2580,96,80,96,80,-16
0022400075,2640,100,80,100,80,-20
0022400076,990,40,45,45,40,-5
0022400076,2250,91,92,92,91,-1
0022400076,2340,91,94,94,91,-3
0022400076,2670,112,108,108,112,4
0022400073,720,33,32,32,33,1
0022400073,2250,107,75,75,107,32
0022400074,2400,85,106,85,106,21
0022400075,60,0,3,0,3,3
0022400075,510,20,21,20,21,1
0022400075,2520,96,78,96,78,-18
0022400074,1080,36,32,36,32,-4
0022400074,2070,79,85,79,85,6
0022400075,600,26,23,26,23,-3
0022400073,90,5,3,3,5,2
0022400073,2070,91,70,70,91,21
0022400075,1080,46,36,46,36,-10
0022400075,1560,63,56,63,56,-7
0022400075,2460,94,78,94,78,-16
0022400075,2820,102,87,102,87,-15
0022400073,240,12,10,10,12,2
0022400073,1500,66,54,54,66,12
0022400073,1590,73,56,56,73,17
0022400074,2010,75,83,75,83,8
0022400076,780,29,34,34,29,-5
0022400076,1020,40,47,47,40,-7
0022400076,1350,53,55,55,53,-2
0022400076,1410,55,57,57,55,-2
0022400073,2490,113,87,87,113,26
0022400073,2550,115,87,87,115,28
0022400074,2310,83,100,83,100,17
0022400075,2130,85,68,85,68,-17
0022400075,2790,102,87,102,87,-15
0022400076,510,16,21,21,16,-5
0022400073,2520,113,87,87,113,26
0022400074,1950,72,76,72,76,4
0022400075,1740,71,64,71,64,-7
0022400073,780,33,34,34,33,-1
0022400074,480,20,18,20,18,-2
0022400074,630,22,20,22,20,-2
0022400075,1380,58,49,58,49,-9
0022400076,930,37,41,41,37,-4
0022400075,1770,73,64,73,64,-9
0022400076,420,13,17,17,13,-4
0022400073,1260,57,53,53,57,4
0022400073,1320,60,53,53,60,7
0022400074,390,15,13,15,13,-2
0022400074,750,22,20,22,20,-2
0022400074,1980,73,78,73,78,5
0022400075,1140,46,38,46,38,-8
0022400076,1470,55,61,61,55,-6
0022400074,2370,85,103,85,103,18
0022400075,1680,67,64,67,64,-3
0022400073,0,0,0,0,0,0
0022400073,660,30,30,30,30,0
0022400073,2040,90,70,70,90,20
0022400073,2400,113,85,85,113,28
0022400074,60,3,0,3,0,-3
0022400074,2220,80,91,80,91,11
0022400075,1710,69,64,69,64,-5
0022400075,2880,102,87,102,87,-15
0022400076,450,13,19,19,13,-6
0022400076,1950,78,86,86,78,-8
0022400075,2100,85,68,85,68,-17
0022400076,240,8,11,11,8,-3
0022400073,360,12,19,19,12,-7
0022400073,480,20,24,24,20,-4
0022400073,1560,71,56,56,71,15
0022400073,1800,80,60,60,80,20
0022400074,1620,53,58,53,58,5
0022400075,1890,75,66,75,66,-9
0022400076,1080,42,48,48,42,-6
0022400076,1680,67,74,74,67,-7
0022400076,2460,103,99,99,103,4
0022400075,810,33,28,33,28,-5
0022400075,2430,94,78,94,78,-16
0022400073,2640,115,90,90,115,25
0022400074,300,12,12,12,12,0
0022400074,540,20,18,20,18,-2
0022400074,1020,33,28,33,28,-5
0022400074,1680,53,63,53,63,10
0022400074,2640,99,116,99,116,17
0022400075,2550,96,78,96,78,-18
0022400075,2700,100,85,100,85,-15
0022400075,1470,61,51,61,51,-10
0022400076,1380,55,55,55,55,0
0022400074,0,0,0,0,0,0
0022400074,120,6,2,6,2,-4
0022400074,420,18,15,18,15,-3
0022400075,150,5,7,5,7,2
0022400075,300,10,16,10,16,6
0022400075,1050,44,34,44,34,-10
0022400076,2550,107,103,103,107,4
0022400073,1440,64,54,54,64,10
0022400074,840,22,22,22,22,0
0022400074,1470,49,47,49,47,-2
0022400075,630,26,23,26,23,-3
0022400075,750,31,26,31,26,-5
0022400076,2580,107,105,105,107,2
0022400076,630,24,25,25,24,-1
0022400074,360,12,13,12,13,1
0022400074,810,22,22,22,22,0
0022400074,1260,42,40,42,40,-2
0022400075,90,2,3,2,3,1
0022400075,720,31,24,31,24,-7
0022400076,480,16,21,21,16,-5
0022400074,270,10,9,10,9,-1
0022400074,2280,83,97,83,97,14
0022400075,330,10,18,10,18,8
0022400075,900,37,32,37,32,-5
0022400076,1920,76,86,86,76,-10
0022400073,330,12,16,16,12,-4
0022400073,1980,90,70,70,90,20
0022400074,330,12,12,12,12,0
0022400075,960,42,32,42,32,-10
0022400075,2010,81,66,81,66,-15
0022400076,30,0,3,3,0,-3
0022400073,1350,60,54,54,60,6
0022400073,2160,98,73,73,98,25
0022400075,360,10,18,10,18,8
0022400075,540,25,23,25,23,-2
0022400076,1530,61,66,66,61,-5
0022400076,2880,117,115,115,117,2
0022400076,2730,112,111,111,112,1
0022400073,30,3,0,0,3,3
0022400073,450,17,22,22,17,-5
0022400073,1740,78,58,58,78,20
0022400073,2670,117,93,93,117,24
0022400076,1710,69,77,77,69,-8
0022400076,2700,112,109,109,112,3
0022400074,1230,42,40,42,40,-2
0022400074,1740,57,69,57,69,12
0022400076,2430,100,99,99,100,1
0022400073,1650,73,58,58,73,15
0022400074,240,10,7,10,7,-3
0022400074,1710,55,66,55,66,11
0022400074,2700,103,116,103,116,13
0022400074,2760,105,116,105,116,11
0022400076,2310,91,94,94,91,-3
0022400073,1470,66,54,54,66,12
0022400075,1500,61,54,61,54,-7
0022400076,1050,42,48,48,42,-6
0022400073,1860,85,62,62,85,23
0022400074,720,22,20,22,20,-2
0022400075,660,28,23,28,23,-5
0022400075,930,37,32,37,32,-5
0022400075,1410,58,51,58,51,-7
0022400075,1950,76,66,76,66,-10
0022400073,1410,64,54,54,64,10
0022400073,2730,119,95,95,119,24
0022400076,390,11,17,17,11,-6
0022400076,1650,67,74,74,67,-7
0022400076,900,35,41,41,35,-6
0022400073,960,43,38,38,43,5
0022400074,150,6,2,6,2,-4
0022400076,300,8,14,14,8,-6
0022400076,1560,64,68,68,64,-4
0022400073,1110,49,48,48,49,1
0022400074,570,22,20,22,20,-2
0022400074,2190,80,91,80,91,11
0022400075,2160,85,68,85,68,-17
0022400075,2220,85,73,85,73,-12
0022400076,540,21,23,23,21,-2
0022400073,120,5,5,5,5,0
0022400073,2130,96,71,71,96,25
0022400074,2250,83,97,83,97,14
0022400075,1320,56,47,56,47,-9
0022400075,2040,81,66,81,66,-15
0022400076,1170,48,50,50,48,-2
0022400074,1140,36,35,36,35,-1
0022400074,1590,53,56,53,56,3
0022400074,2730,105,116,105,116,11
0022400075,570,26,23,26,23,-3
0022400076,2100,89,88,88,89,1
0022400075,450,17,21,17,21,4
0022400076,570,21,23,23,21,-2
0022400076,1590,64,70,70,64,-6
0022400076,1620,66,72,72,66,-6
0022400076,1830,74,81,81,74,-7
0022400073,1290,60,53,53,60,7
0022400073,1770,80,60,60,80,20
0022400074,1860,62,71,62,71,9
0022400075,2310,89,73,89,73,-16
0022400076,1860,76,81,81,76,-5
0022400076,2820,114,114,114,114,0
0022400076,90,2,5,5,2,-3
0022400076,2160,89,88,88,89,1
0022400076,2520,105,99,99,105,6
0022400073,1140,51,51,51,51,0
0022400073,1710,78,58,58,78,20
0022400076,1740,69,79,79,69,-10
0022400075,180,5,7,5,7,2
0022400073,540,23,26,26,23,-3
0022400073,2700,117,93,93,117,24
0022400074,900,26,22,26,22,-4
0022400074,1200,40,40,40,40,0
0022400074,2100,79,85,79,85,6
0022400074,2130,79,87,79,87,8
0022400083,690,27,32,27,32,5
0022400084,480,16,19,19,16,-3
0022400082,1740,76,72,76,72,-4
0022400078,150,5,10,10,5,-5
0022400078,1980,73,78,78,73,-5
0022400079,540,14,25,14,25,11
0022400078,690,29,28,28,29,1
0022400078,2280,79,87,87,79,-8
0022400084,570,23,21,21,23,2
0022400084,2460,106,76,76,106,30
0022400078,2340,79,92,92,79,-13
0022400078,2610,87,101,101,87,-14
0022400078,2880,107,115,115,107,-8
0022400084,1020,38,30,30,38,8
0022400083,1170,48,51,48,51,3
0022400086,1620,49,52,52,49,-3
0022400086,2700,99,99,99,99,0
0022400083,2880,133,122,133,122,-11
0022400082,2760,105,126,105,126,21
0022400082,2820,108,126,108,126,18
0022400085,60,3,2,3,2,-1
0022400077,1800,60,61,60,61,1
0022400079,780,19,32,19,32,13
0022400084,540,21,21,21,21,0
0022400083,1680,76,72,76,72,-4
0022400084,420,11,19,19,11,-8
0022400077,690,21,22,21,22,1
0022400077,2670,92,104,92,104,12
0022400084,210,4,10,10,4,-6
0022400084,360,9,15,15,9,-6
0022400084,2220,94,71,71,94,23
0022400079,1050,34,43,34,43,9
0022400082,1590,67,65,67,65,-2
0022400077,1620,55,55,55,55,0
0022400079,570,14,25,14,25,11
0022400085,1200,56,42,56,42,-14
0022400085,1230,56,42,56,42,-14
0022400081,1410,45,58,45,58,13
0022400078,2190,77,84,84,77,-7
0022400086,1920,65,68,68,65,-3
0022400086,2070,70,80,80,70,-10
0022400086,2340,89,91,91,89,-2
0022400084,60,2,5,5,2,-3
0022400085,2100,81,83,81,83,2
0022400081,1710,51,69,51,69,18
0022400086,840,20,30,30,20,-10
0022400086,270,7,12,12,7,-5
0022400085,2430,92,100,92,100,8
0022400080,960,38,35,38,35,-3
0022400085,960,53,35,53,35,-18
0022400077,1440,46,49,46,49,3
0022400081,1350,43,54,43,54,11
0022400084,2070,91,67,67,91,24
0022400086,1500,41,47,47,41,-6
0022400083,1590,72,70,72,70,-2
0022400082,990,48,40,48,40,-8
0022400081,510,16,17,16,17,1
0022400080,270,15,12,15,12,-3
0022400079,2010,75,82,75,82,7
0022400080,360,19,15,19,15,-4
0022400081,330,10,9,10,9,-1
0022400079,1140,41,50,41,50,9
0022400081,2100,64,93,64,93,29
0022400086,930,22,35,35,22,-13
0022400083,2160,102,95,102,95,-7
0022400082,1290,61,53,61,53,-8
0022400082,1530,67,63,67,63,-4
0022400080,0,0,0,0,0,0
0022400083,420,16,17,16,17,1
0022400079,840,22,34,22,34,12
0022400078,1860,66,76,76,66,-10
0022400084,630,27,21,21,27,6
0022400079,2880,120,125,120,125,5
0022400080,2610,93,109,93,109,16
0022400086,1800,56,65,65,56,-9
0022400083,990,42,46,42,46,4
0022400085,90,3,4,3,4,1
0022400079,30,0,3,0,3,3
0022400080,1680,62,73,62,73,11
0022400083,510,21,25,21,25,4
0022400084,1860,83,55,55,83,28
0022400081,1740,51,69,51,69,18
0022400078,2820,100,109,109,100,-9
0022400079,2640,107,111,107,111,4
0022400079,2130,84,88,84,88,4
0022400082,2880,108,128,108,128,20
0022400077,1950,65,70,65,70,5
0022400084,2790,123,86,86,123,37
0022400081,1980,60,85,60,85,25
0022400085,1950,79,74,79,74,-5
0022400085,2190,85,89,85,89,4
0022400082,2340,87,106,87,106,19
0022400085,1920,79,74,79,74,-5
0022400081,150,4,4,4,4,0
0022400081,2550,83,113,83,113,30
0022400078,600,25,25,25,25,0
0022400078,1290,52,59,59,52,-7
0022400080,660,29,28,29,28,-1
0022400081,1890,57,76,57,76,19
0022400080,1980,77,83,77,83,6
0022400086,1710,51,65,65,51,-14
0022400085,1860,76,74,76,74,-2
0022400086,1140,26,39,39,26,-13
0022400085,780,43,23,43,23,-20
0022400079,450,12,23,12,23,11
0022400083,300,12,12,12,12,0
0022400081,1800,53,71,53,71,18
0022400080,1230,51,54,51,54,3
0022400078,0,0,0,0,0,0
0022400080,330,17,15,17,15,-2
0022400086,2760,101,101,101,101,0
0022400082,390,18,21,18,21,3
0022400085,1470,63,54,63,54,-9
0022400083,2820,133,120,133,120,-13
0022400085,690,35,23,35,23,-12
0022400085,2370,92,98,92,98,6
0022400077,600,17,22,17,22,5
0022400078,210,8,12,12,8,-4
0022400084,2730,121,86,86,121,35
0022400084,1710,76,50,50,76,26
0022400083,2700,128,118,128,118,-10
0022400084,2190,94,70,70,94,24
0022400083,2280,107,102,107,102,-5
0022400078,870,38,38,38,38,0
0022400081,1050,37,40,37,40,3
0022400086,2490,93,91,91,93,2
0022400084,2280,96,74,74,96,22
0022400080,1560,57,69,57,69,12
0022400085,330,14,11,14,11,-3
0022400077,990,31,37,31,37,6
0022400078,480,19,23,23,19,-4
0022400082,2130,83,96,83,96,13
0022400082,1350,63,55,63,55,-8
0022400085,2070,81,82,81,82,1
0022400081,2190,66,97,66,97,31
0022400079,1320,47,57,47,57,10
0022400086,450,12,21,21,12,-9
0022400082,2850,108,128,108,128,20
0022400077,2310,75,90,75,90,15
0022400079,1680,67,70,67,70,3
0022400084,900,36,26,26,36,10
0022400082,60,2,4,2,4,2
0022400079,1350,52,57,52,57,5
0022400079,1110,41,48,41,48,7
0022400083,2730,130,120,130,120,-10
0022400083,2850,133,122,133,122,-11
0022400085,720,38,23,38,23,-15
0022400077,1860,65,65,65,65,0
0022400081,1680,49,69,49,69,20
0022400079,510,14,23,14,23,9
0022400077,810,28,24,28,24,-4
0022400079,60,0,5,0,5,5
0022400086,480,12,23,23,12,-11
0022400086,2850,103,103,103,103,0
0022400077,930,28,33,28,33,5
0022400078,1530,56,64,64,56,-8
0022400080,2520,91,105,91,105,14
0022400083,2070,99,92,99,92,-7
0022400079,2850,115,121,115,121,6
0022400083,780,33,34,33,34,1
0022400085,510,21,18,21,18,-3
0022400081,300,8,9,8,9,1
0022400081,1560,47,65,47,65,18
0022400080,1410,53,63,53,63,10
0022400078,2160,77,83,83,77,-6
0022400085,810,45,23,45,23,-22
0022400084,1110,38,32,32,38,6
0022400085,2610,99,109,99,109,10
0022400080,120,7,6,7,6,-1
0022400084,1830,80,55,55,80,25
0022400077,1830,65,63,65,63,-2
0022400078,2220,77,84,84,77,-7
0022400078,2460,82,98,98,82,-16
0022400083,2460,115,107,115,107,-8
0022400077,900,28,31,28,31,3
0022400079,2190,87,88,87,88,1
0022400083,870,39,41,39,41,2
0022400085,30,3,0,3,0,-3
0022400079,0,0,0,0,0,0
0022400083,2310,110,102,110,102,-8
0022400084,2520,111,79,79,111,32
0022400079,1770,67,77,67,77,10
0022400082,2430,90,108,90,108,18
0022400082,2580,99,118,99,118,19
0022400085,1050,53,35,53,35,-18
0022400085,1830,76,74,76,74,-2
0022400081,2850,98,123,98,123,25
0022400082,1410,65,57,65,57,-8
0022400083,660,25,32,25,32,7
0022400082,2520,95,115,95,115,20
0022400082,2550,98,115,98,115,17
0022400079,150,6,10,6,10,4
0022400082,330,13,15,13,15,2
0022400082,0,0,0,0,0,0
0022400084,960,38,28,28,38,10
0022400077,1320,41,43,41,43,2
0022400078,1560,57,66,66,57,-9
0022400079,390,12,18,12,18,6
0022400086,600,13,27,27,13,-14
0022400084,2100,94,69,69,94,25
0022400079,1530,58,62,58,62,4
0022400082,2370,87,106,87,106,19
0022400081,1950,59,82,59,82,23
0022400078,1380,54,62,62,54,-8
0022400082,420,21,21,21,21,0
0022400086,360,10,17,17,10,-7
0022400084,1050,38,30,30,38,8
0022400082,2160,83,98,83,98,15
0022400077,1380,46,46,46,46,0
0022400080,990,38,37,38,37,-1
0022400083,360,14,15,14,15,1
0022400084,240,4,13,13,4,-9
0022400077,1410,46,49,46,49,3
0022400078,1140,45,52,52,45,-7
0022400086,1440,37,47,47,37,-10
0022400080,2790,99,111,99,111,12
0022400082,1110,53,45,53,45,-8
0022400079,2460,99,101,99,101,2
0022400084,720,32,24,24,32,8
0022400084,2400,101,76,76,101,25
0022400082,1380,63,57,63,57,-6
0022400078,300,14,14,14,14,0
0022400083,540,21,27,21,27,6
0022400080,930,38,35,38,35,-3
0022400085,1560,65,60,65,60,-5
0022400078,180,8,12,12,8,-4
0022400078,1950,71,76,76,71,-5
0022400079,2400,96,99,96,99,3
0022400081,2670,88,117,88,117,29
0022400080,480,21,24,21,24,3
0022400080,2340,85,96,85,96,11
0022400086,1770,56,65,65,56,-9
0022400084,1140,41,32,32,41,9
0022400084,1890,83,57,57,83,26
0022400085,660,35,21,35,21,-14
0022400085,2640,99,109,99,109,10
0022400079,2220,87,90,87,90,3
0022400078,570,22,25,25,22,-3
0022400086,30,3,0,0,3,3
0022400083,90,2,3,2,3,1
0022400083,1830,87,83,87,83,-4
0022400085,840,48,26,48,26,-22
0022400077,1350,43,43,43,43,0
0022400079,2310,93,97,93,97,4
0022400082,630,33,33,33,33,0
0022400083,1080,46,49,46,49,3
0022400080,2640,96,111,96,111,15
0022400080,2850,101,113,101,113,12
0022400083,1980,94,85,94,85,-9
0022400077,510,14,22,14,22,8
0022400081,420,11,12,11,12,1
0022400080,870,35,31,35,31,-4
0022400078,1050,40,48,48,40,-8
0022400080,2430,88,99,88,99,11
0022400085,2670,102,109,102,109,7
0022400079,1620,64,70,64,70,6
0022400079,1230,41,54,41,54,13
0022400079,1710,67,70,67,70,3
0022400080,2100,79,86,79,86,7
0022400080,2820,101,113,101,113,12
0022400086,2010,67,73,73,67,-6
0022400085,1890,76,74,76,74,-2
0022400079,960,28,43,28,43,15
0022400077,1290,41,43,41,43,2
0022400077,2130,71,80,71,80,9
0022400084,2640,116,86,86,116,30
0022400082,1200,57,48,57,48,-9
0022400082,1980,78,84,78,84,6
0022400085,2520,95,107,95,107,12
0022400080,420,19,20,19,20,1
0022400080,1530,57,67,57,67,10
0022400084,270,4,13,13,4,-9
0022400078,330,15,16,16,15,-1
0022400078,660,27,26,26,27,1
0022400079,2550,105,108,105,108,3
0022400079,2340,93,99,93,99,6
0022400079,1500,58,62,58,62,4
0022400086,60,3,3,3,3,0
0022400086,2280,84,91,91,84,-7
0022400085,1170,56,39,56,39,-17
0022400079,1470,58,62,58,62,4
0022400082,1830,76,75,76,75,-1
0022400082,2010,78,84,78,84,6
0022400084,1650,72,47,47,72,25
0022400077,2490,83,96,83,96,13
0022400080,2580,93,109,93,109,16
0022400086,810,17,30,30,17,-13
0022400083,600,24,32,24,32,8
0022400083,2220,105,101,105,101,-4
0022400084,2820,125,86,86,125,39
0022400082,2190,83,98,83,98,15
0022400077,1260,38,43,38,43,5
0022400081,360,10,10,10,10,0
0022400080,1470,55,65,55,65,10
0022400084,1290,45,35,35,45,10
0022400077,570,14,22,14,22,8
0022400077,960,31,33,31,33,2
0022400077,2220,73,86,73,86,13
0022400081,1290,41,52,41,52,11
0022400084,870,34,26,26,34,8
0022400086,2310,86,91,91,86,-5
0022400077,1110,31,39,31,39,8
0022400077,1590,55,55,55,55,0
0022400086,1260,31,44,44,31,-13
0022400077,1650,55,57,55,57,2
0022400086,1320,34,45,45,34,-11
0022400083,720,30,32,30,32,2
0022400085,1650,69,68,69,68,-1
0022400077,2280,75,86,75,86,11
0022400081,2490,79,108,79,108,29
0022400080,2160,79,91,79,91,12
0022400084,2850,127,86,86,127,41
0022400082,540,29,27,29,27,-2
0022400085,870,48,26,48,26,-22
0022400081,1770,53,71,53,71,18
0022400084,1620,69,45,45,69,24
0022400086,1380,34,45,45,34,-11
0022400086,2610,97,93,93,97,4
0022400083,1260,50,55,50,55,5
0022400084,2580,114,82,82,114,32
0022400085,270,9,9,9,9,0
0022400081,1260,41,48,41,48,7
0022400079,690,16,28,16,28,12
0022400077,1560,53,52,53,52,-1
0022400078,1170,47,55,55,47,-8
0022400079,90,3,7,3,7,4
0022400084,2430,103,76,76,103,27
0022400082,2040,78,89,78,89,11
0022400078,1350,54,62,62,54,-8
0022400078,1830,65,74,74,65,-9
0022400078,2100,76,82,82,76,-6
0022400080,1800,68,77,68,77,9
0022400081,2340,74,102,74,102,28
0022400085,1080,55,35,55,35,-20
0022400083,1020,42,49,42,49,7
0022400084,2550,114,82,82,114,32
0022400082,2790,106,126,106,126,20
0022400085,210,7,7,7,7,0
0022400081,780,26,27,26,27,1
0022400079,2820,115,121,115,121,6
0022400086,1530,43,48,48,43,-5
0022400084,1560,64,45,45,64,19
0022400082,750,39,40,39,40,1
0022400080,1710,64,75,64,75,11
0022400077,780,26,24,26,24,-2
0022400086,2130,74,84,84,74,-10
0022400086,210,4,10,10,4,-6
0022400083,150,3,3,3,3,0
0022400083,1800,84,81,84,81,-3
0022400085,2820,114,121,114,121,7
0022400077,2070,68,78,68,78,10
0022400077,2820,97,112,97,112,15
0022400078,270,14,12,12,14,2
0022400079,240,6,15,6,15,9
0022400078,2370,79,95,95,79,-16
0022400079,1260,45,57,45,57,12
0022400077,1530,53,52,53,52,-1
0022400078,2310,79,89,89,79,-10
0022400082,690,35,38,35,38,3
0022400084,2160,94,70,70,94,24
0022400084,2310,96,74,74,96,22
0022400077,1140,31,41,31,41,10
0022400081,1590,49,65,49,65,16
0022400079,600,14,25,14,25,11
0022400086,2670,99,97,97,99,2
0022400082,2730,105,123,105,123,18
0022400077,660,19,22,19,22,3
0022400077,2340,78,90,78,90,12
0022400078,2490,84,99,99,84,-15
0022400078,2670,92,101,101,92,-9
0022400079,2070,80,83,80,83,3
0022400083,2040,99,92,99,92,-7
0022400079,1980,73,82,73,82,9
0022400086,90,3,6,6,3,-3
0022400086,2430,93,91,91,93,2
0022400085,1410,61,50,61,50,-11
0022400079,660,16,28,16,28,12
0022400086,660,15,27,27,15,-12
0022400084,1350,51,35,35,51,16
0022400084,1950,86,57,57,86,29
0022400079,2610,107,111,107,111,4
0022400083,2130,102,95,102,95,-7
0022400084,30,2,3,3,2,-1
0022400084,660,27,21,21,27,6
0022400085,2700,102,113,102,113,11
0022400077,60,2,2,2,2,0
0022400083,840,36,38,36,38,2
0022400080,1440,55,65,55,65,10
0022400082,840,46,40,46,40,-6
0022400085,1590,67,66,67,66,-1
0022400085,1770,74,70,74,70,-4
0022400081,630,18,21,18,21,3
0022400081,1200,37,48,37,48,11
0022400078,1200,47,55,55,47,-8
0022400079,480,12,23,12,23,11
0022400078,1470,56,62,62,56,-6
0022400084,2250,96,74,74,96,22
0022400084,2700,118,86,86,118,32
0022400082,780,43,40,43,40,-3
0022400085,120,5,5,5,5,0
0022400081,1320,43,52,43,52,9
0022400086,1080,26,37,37,26,-11
0022400085,480,21,18,21,18,-3
0022400085,1350,61,50,61,50,-11
0022400081,390,11,10,11,10,-1
0022400086,2160,75,84,84,75,-9
0022400080,750,29,28,29,28,-1
0022400080,1830,69,79,69,79,10
0022400080,1920,75,81,75,81,6
0022400086,1890,62,68,68,62,-6
0022400082,30,2,2,2,2,0
0022400082,210,11,11,11,11,0
0022400080,60,2,3,2,3,1
0022400082,120,5,7,5,7,2
0022400082,930,48,40,48,40,-8
0022400085,2220,85,89,85,89,4
0022400077,2400,78,92,78,92,14
0022400084,1470,59,42,42,59,17
0022400084,1440,56,42,42,56,14
0022400078,1800,65,72,72,65,-7
0022400078,2580,87,101,101,87,-14
0022400079,1650,64,70,64,70,6
0022400080,690,29,28,29,28,-1
0022400084,690,29,24,24,29,5
0022400085,1740,71,70,71,70,-1
0022400081,270,8,6,8,6,-2
0022400079,2100,82,83,82,83,1
0022400085,0,0,0,0,0,0
0022400077,180,2,9,2,9,7
0022400086,2190,75,84,84,75,-9
0022400082,2220,85,101,85,101,16
0022400083,1320,55,59,55,59,4
0022400085,1380,61,50,61,50,-11
0022400077,360,11,12,11,12,1
0022400077,750,26,22,26,22,-4
0022400077,1080,31,39,31,39,8
0022400080,1890,73,81,73,81,8
0022400086,1560,44,48,48,44,-4
0022400083,2640,128,116,128,116,-12
0022400086,300,7,12,12,7,-5
0022400082,1770,76,73,76,73,-3
0022400081,1440,45,61,45,61,16
0022400078,1080,42,50,50,42,-8
0022400083,0,0,0,0,0,0
0022400081,960,35,36,35,36,1
0022400086,1200,28,41,41,28,-13
0022400082,720,38,38,38,38,0
0022400081,600,18,21,18,21,3
0022400081,900,32,34,32,34,2
0022400086,990,24,37,37,24,-13
0022400079,1200,41,54,41,54,13
0022400079,2250,90,93,90,93,3
0022400079,420,12,21,12,21,9
0022400082,480,24,25,24,25,1
0022400084,990,38,30,30,38,8
0022400085,180,7,7,7,7,0
0022400085,420,16,13,16,13,-3
0022400084,600,25,21,21,25,4
0022400080,1950,77,83,77,83,6
0022400080,2070,79,83,79,83,4
0022400085,930,51,32,51,32,-19
0022400081,810,29,29,29,29,0
0022400080,150,9,6,9,6,-3
0022400080,900,35,33,35,33,-2
0022400086,1590,46,52,52,46,-6
0022400085,2850,114,123,114,123,9
0022400081,690,24,24,24,24,0
0022400081,2250,70,97,70,97,27
0022400078,900,38,40,40,38,-2
0022400078,990,40,44,44,40,-4
0022400079,1440,58,62,58,62,4
0022400083,2550,123,111,123,111,-12
0022400082,1020,50,40,50,40,-10
0022400082,1860,76,77,76,77,1
0022400082,2070,78,89,78,89,11
0022400086,1050,26,37,37,26,-11
0022400078,1680,62,66,66,62,-4
0022400078,1590,58,66,66,58,-8
0022400083,2790,133,120,133,120,-13
0022400081,1080,37,43,37,43,6
0022400081,2400,77,102,77,102,25
0022400078,1260,50,57,57,50,-7
0022400080,390,19,20,19,20,1
0022400081,2880,98,123,98,123,25
0022400083,1860,89,83,89,83,-6
0022400084,1680,74,50,50,74,24
0022400077,2100,68,78,68,78,10
0022400081,660,22,24,22,24,2
0022400083,390,14,17,14,17,3
0022400083,1950,94,85,94,85,-9
0022400085,2130,83,85,83,85,2
0022400077,720,23,22,23,22,-1
0022400081,60,2,0,2,0,-2
0022400086,2040,68,76,76,68,-8
0022400086,2640,97,95,95,97,2
0022400083,570,24,27,24,27,3
0022400082,660,35,36,35,36,1
0022400081,2640,87,115,87,115,28
0022400086,150,4,8,8,4,-4
0022400086,1650,49,55,55,49,-6
0022400077,2850,97,112,97,112,15
0022400080,570,27,24,27,24,-3
0022400084,1230,43,35,35,43,8
0022400085,1020,53,35,53,35,-18
0022400078,30,0,2,2,0,-2
0022400080,810,33,31,33,31,-2
0022400086,780,17,30,30,17,-13
0022400082,1920,76,83,76,83,7
0022400077,1050,31,39,31,39,8
0022400080,1620,62,72,62,72,10
0022400084,1080,38,30,30,38,8
0022400083,1110,46,49,46,49,3
0022400086,240,4,10,10,4,-6
0022400083,2400,115,103,115,103,-12
0022400080,1080,43,44,43,44,1
0022400080,2250,85,94,85,94,9
0022400086,1110,26,39,39,26,-13
0022400084,1410,54,40,40,54,14
0022400082,240,11,13,11,13,2
0022400085,2550,97,109,97,109,12
0022400078,1770,64,70,70,64,-6
0022400079,210,6,13,6,13,7
0022400080,780,31,31,31,31,0
0022400079,1830,71,77,71,77,6
0022400084,1260,43,35,35,43,8
0022400078,510,22,23,23,22,-1
0022400083,2340,112,102,112,102,-10
0022400086,1740,54,65,65,54,-11
0022400086,2790,103,103,103,103,0
0022400079,1410,58,62,58,62,4
0022400085,450,21,16,21,16,-5
0022400077,2010,65,76,65,76,11
0022400077,2700,92,104,92,104,12
0022400078,2520,85,99,99,85,-14
0022400079,2670,107,114,107,114,7
0022400084,1770,78,52,52,78,26
0022400081,2310,72,100,72,100,28
0022400079,120,3,8,3,8,5
0022400084,450,13,19,19,13,-6
0022400084,750,32,24,24,32,8
0022400082,2490,93,110,93,110,17
0022400078,1920,69,76,76,69,-7
0022400083,2430,115,105,115,105,-10
0022400086,420,12,21,21,12,-9
0022400083,2610,126,113,126,113,-13
0022400082,570,30,27,30,27,-3
0022400082,1140,55,45,55,45,-10
0022400085,2490,95,104,95,104,9
0022400081,450,11,14,11,14,3
0022400079,2040,77,82,77,82,5
0022400085,2790,109,118,109,118,9
0022400077,0,0,0,0,0,0
0022400081,1920,59,79,59,79,20
0022400083,930,42,41,42,41,-1
0022400086,2220,79,87,87,79,-8
0022400083,2760,133,120,133,120,-13
0022400077,2640,89,103,89,103,14
0022400080,2280,85,94,85,94,9
0022400080,2220,82,94,82,94,12
0022400086,2370,89,91,91,89,-2
0022400083,2100,102,92,102,92,-10
0022400084,1920,86,57,57,86,29
0022400082,1440,65,59,65,59,-6
0022400082,2400,90,108,90,108,18
0022400078,420,15,21,21,15,-6
0022400080,1740,66,75,66,75,9
0022400078,1500,56,64,64,56,-8
0022400077,1200,33,43,33,43,10
0022400077,1890,65,68,65,68,3
0022400077,2160,71,81,71,81,10
0022400078,1440,56,62,62,56,-6
0022400080,1200,48,50,48,50,2
0022400085,1440,61,52,61,52,-9
0022400085,1500,63,57,63,57,-6
0022400077,1710,58,59,58,59,1
0022400077,1980,65,70,65,70,5
0022400079,2490,102,103,102,103,1
0022400085,2580,97,109,97,109,12
0022400077,2520,83,98,83,98,15
0022400083,2520,121,111,121,111,-10
0022400081,720,24,25,24,25,1
0022400084,2370,99,76,76,99,23
0022400084,2670,118,86,86,118,32
0022400083,2010,96,87,96,87,-9
0022400077,2460,80,95,80,95,15
0022400081,570,18,19,18,19,1
0022400078,540,22,23,23,22,-1
0022400080,210,9,12,9,12,3
0022400085,2160,85,87,85,87,2
0022400085,570,26,18,26,18,-8
0022400081,1650,49,67,49,67,18
0022400084,1800,78,52,52,78,26
0022400083,630,24,32,24,32,8
0022400083,2250,105,102,105,102,-3
0022400081,480,14,17,14,17,3
0022400078,780,31,34,34,31,-3
0022400078,2130,76,83,83,76,-7
0022400080,2130,79,88,79,88,9
0022400079,2280,93,93,93,93,0
0022400086,1350,34,45,45,34,-11
0022400082,90,2,4,2,4,2
0022400077,1470,49,49,49,49,0
0022400081,2430,77,105,77,105,28
0022400079,930,26,41,26,41,15
0022400084,930,36,26,26,36,10
0022400082,1260,59,51,59,51,-8
0022400078,1230,48,57,57,48,-9
0022400079,300,9,18,9,18,9
0022400081,210,6,4,6,4,-2
0022400083,1710,79,74,79,74,-5
0022400081,1380,43,58,43,58,15
0022400081,1620,49,65,49,65,16
0022400077,2370,78,92,78,92,14
0022400086,2250,81,89,89,81,-8
0022400080,1140,46,46,46,46,0
0022400086,960,24,37,37,24,-13
0022400083,2580,125,113,125,113,-12
0022400079,750,19,30,19,30,11
0022400080,1170,48,50,48,50,2
0022400080,2490,91,105,91,105,14
0022400086,570,13,25,25,13,-12
0022400086,690,15,27,27,15,-12
0022400085,360,16,11,16,11,-5
0022400078,60,3,4,4,3,-1
0022400080,540,24,24,24,24,0
0022400080,2460,91,102,91,102,11
0022400086,870,20,32,32,20,-12
0022400083,330,14,12,14,12,-2
0022400085,1800,74,72,74,72,-2
0022400081,2370,76,102,76,102,26
0022400078,2790,96,107,107,96,-11
0022400080,2040,79,83,79,83,4
0022400079,2730,109,116,109,116,7
0022400082,360,15,21,15,21,6
0022400085,2880,116,123,116,123,7
0022400077,1680,58,59,58,59,1
0022400078,1740,62,68,68,62,-6
0022400079,1920,71,79,71,79,8
0022400083,960,42,43,42,43,1
0022400085,240,9,9,9,9,0
0022400077,90,2,4,2,4,2
0022400081,2010,60,88,60,88,28
0022400079,1860,71,77,71,77,6
0022400085,1680,69,68,69,68,-1
0022400081,180,4,4,4,4,0
0022400081,750,26,27,26,27,1
0022400080,450,19,24,19,24,5
0022400077,2430,80,95,80,95,15
0022400082,1470,67,61,67,61,-6
0022400086,720,15,27,27,15,-12
0022400086,1980,67,70,70,67,-3
0022400083,120,3,3,3,3,0
0022400083,1230,50,53,50,53,3
0022400083,1560,69,70,69,70,1
0022400083,2370,115,102,115,102,-13
0022400084,1380,54,37,37,54,17
0022400079,1080,39,46,39,46,7
0022400078,1710,62,68,68,62,-6
0022400077,870,28,28,28,28,0
0022400083,2670,128,116,128,116,-12
0022400082,1050,53,41,53,41,-12
0022400085,2280,87,94,87,94,7
0022400080,630,29,28,29,28,-1
0022400078,750,31,32,32,31,-1
0022400080,1020,38,40,38,40,2
0022400080,2700,99,111,99,111,12
0022400086,1020,26,37,37,26,-11
0022400083,270,10,10,10,10,0
0022400084,840,34,26,26,34,8
0022400079,900,26,36,26,36,10
0022400086,2880,105,103,103,105,2
0022400079,180,6,10,6,10,4
0022400085,2460,92,101,92,101,9
0022400081,990,35,36,35,36,1
0022400084,330,6,13,13,6,-7
0022400083,1200,48,53,48,53,5
0022400083,2490,115,107,115,107,-8
0022400085,2340,90,98,90,98,8
0022400077,120,2,6,2,6,4
0022400081,930,34,34,34,34,0
0022400086,1830,60,68,68,60,-8
0022400083,1530,67,66,67,66,-1
0022400082,1620,69,67,69,67,-2
0022400085,2400,92,100,92,100,8
0022400083,810,33,36,33,36,3
0022400077,1740,58,61,58,61,3
0022400082,2280,85,106,85,106,21
0022400085,390,16,13,16,13,-3
0022400080,2370,85,96,85,96,11
0022400080,180,9,9,9,9,0
0022400083,1440,63,64,63,64,1
0022400082,2640,102,123,102,123,21
0022400085,1140,55,37,55,37,-18
0022400079,1590,64,68,64,68,4
0022400086,2550,97,91,91,97,6
0022400078,810,33,34,34,33,-1
0022400078,930,38,40,40,38,-2
0022400078,2700,93,105,105,93,-12
0022400080,1320,53,59,53,59,6
0022400081,2790,96,119,96,119,23
0022400077,240,8,12,8,12,4
0022400084,1200,41,35,35,41,6
0022400084,2130,94,69,69,94,25
0022400085,1620,67,66,67,66,-1
0022400080,90,4,3,4,3,-1
0022400081,540,16,19,16,19,3
0022400081,1860,55,74,55,74,19
0022400077,1770,58,61,58,61,3
0022400077,2190,73,83,73,83,10
0022400079,2520,102,104,102,104,2
0022400083,450,18,22,18,22,4
0022400084,180,4,10,10,4,-6
0022400077,630,19,22,19,22,3
0022400078,720,31,30,30,31,1
0022400086,1290,31,45,45,31,-14
0022400079,2580,105,108,105,108,3
0022400085,600,29,18,29,18,-11
0022400086,2730,99,101,101,99,-2
0022400077,2790,97,109,97,109,12
0022400080,1590,60,69,60,69,9
0022400082,900,46,40,46,40,-6
0022400078,2010,74,78,78,74,-4
0022400079,1170,41,52,41,52,11
0022400083,240,7,7,7,7,0
0022400083,1770,84,79,84,79,-5
0022400077,480,14,19,14,19,5
0022400081,1530,47,65,47,65,18
0022400078,90,3,7,7,3,-4
0022400086,900,20,35,35,20,-15
0022400082,300,13,15,13,15,2
0022400079,2160,85,88,85,88,3
0022400078,960,40,42,42,40,-2
0022400085,540,24,18,24,18,-6
0022400084,0,0,0,0,0,0
0022400084,2610,114,84,84,114,30
0022400082,810,46,40,46,40,-6
0022400086,2580,97,93,93,97,4
0022400082,2460,91,110,91,110,19
0022400083,180,5,3,5,3,-2
0022400081,30,0,0,0,0,0
0022400086,2460,93,91,91,93,2
0022400077,540,14,22,14,22,8
0022400078,2760,96,105,105,96,-9
0022400086,1860,60,68,68,60,-8
0022400081,870,32,34,32,34,2
0022400084,390,11,16,16,11,-5
0022400082,2670,104,123,104,123,19
0022400081,840,32,32,32,32,0
0022400081,2520,81,111,81,111,30
0022400078,1890,66,76,76,66,-10
0022400084,1980,88,57,57,88,31
0022400084,1530,62,45,45,62,17
0022400085,1290,56,46,56,46,-10
0022400078,1410,56,62,62,56,-6
0022400078,2430,79,95,95,79,-16
0022400079,1890,71,77,71,77,6
0022400082,2250,85,102,85,102,17
0022400079,2790,113,120,113,120,7
0022400083,900,42,41,42,41,-1
0022400083,1650,74,72,74,72,-2
0022400084,300,6,13,13,6,-7
0022400078,390,15,18,18,15,-3
0022400079,2760,110,118,110,118,8
0022400077,30,0,2,0,2,2
0022400077,2760,95,108,95,108,13
0022400084,780,32,24,24,32,8
0022400082,1800,76,73,76,73,-3
0022400085,900,48,27,48,27,-21
0022400081,90,2,2,2,2,0
0022400080,720,29,28,29,28,-1
0022400081,2730,94,119,94,119,25
0022400078,1650,62,66,66,62,-4
0022400081,1230,39,48,39,48,9
0022400080,1050,40,42,40,42,2
0022400080,1350,53,59,53,59,6
0022400086,2820,103,103,103,103,0
0022400083,1620,72,72,72,72,0
0022400082,1080,53,42,53,42,-11
0022400082,1650,70,67,70,67,-3
0022400085,2010,81,75,81,75,-6
0022400079,990,31,43,31,43,12
0022400085,2040,81,79,81,79,-2
0022400082,2100,80,94,80,94,14
0022400077,1020,31,37,31,37,6
0022400077,2250,75,86,75,86,11
0022400081,2460,79,108,79,108,29
0022400079,330,12,18,12,18,6
0022400086,1470,39,47,47,39,-8
0022400084,2490,108,79,79,108,29
0022400082,2700,104,123,104,123,19
0022400086,540,12,25,25,12,-13
0022400086,390,10,19,19,10,-9
0022400086,1950,65,68,68,65,-3
0022400078,630,27,25,25,27,2
0022400080,2670,96,111,96,111,15
0022400083,1500,67,66,67,66,-1
0022400083,210,5,5,5,5,0
0022400079,1740,67,75,67,75,8
0022400079,1950,73,82,73,82,9
0022400086,2400,91,91,91,91,0
0022400084,90,2,5,5,2,-3
0022400085,2310,88,98,88,98,10
0022400079,1020,34,43,34,43,9
0022400086,1680,51,58,58,51,-7
0022400084,2010,91,60,60,91,31
0022400084,2760,123,86,86,123,37
0022400082,1710,76,67,76,67,-9
0022400082,2310,87,106,87,106,19
0022400077,390,14,14,14,14,0
0022400080,2010,77,83,77,83,6
0022400077,420,14,16,14,16,2
0022400077,150,2,6,2,6,4
0022400081,1500,45,63,45,63,18
0022400081,2610,83,113,83,113,30
0022400085,750,41,23,41,23,-18
0022400080,2760,99,111,99,111,12
0022400078,1320,52,59,59,52,-7
0022400080,2310,85,94,85,94,9
0022400077,330,11,12,11,12,1
0022400077,1920,65,70,65,70,5
0022400081,2280,72,100,72,100,28
0022400079,270,9,15,9,15,6
0022400086,180,4,8,8,4,-4
0022400077,1230,38,43,38,43,5
0022400079,2370,93,99,93,99,6
0022400082,1560,67,65,67,65,-2
0022400085,1110,55,35,55,35,-20
0022400077,270,8,12,8,12,4
0022400079,360,12,18,12,18,6
0022400084,2040,91,63,63,91,28
0022400082,870,46,40,46,40,-6
0022400085,150,5,5,5,5,0
0022400077,840,28,27,28,27,-1
0022400080,2880,101,113,101,113,12
0022400084,1320,48,35,35,48,13
0022400083,1920,92,85,92,85,-7
0022400083,1350,58,59,58,59,1
0022400084,150,2,7,7,2,-5
0022400084,2880,127,86,86,127,41
0022400079,810,21,32,21,32,11
0022400085,1710,71,68,71,68,-3
0022400078,450,17,23,23,17,-6
0022400078,1620,60,66,66,60,-6
0022400086,2100,70,82,82,70,-12
0022400085,1980,81,74,81,74,-7
0022400081,1170,37,46,37,46,9
0022400079,630,16,28,16,28,12
0022400086,630,13,27,27,13,-14
0022400083,1290,53,57,53,57,4
0022400083,1890,89,85,89,85,-4
0022400084,120,2,5,5,2,-3
0022400082,1230,57,51,57,51,-6
0022400082,1890,76,79,76,79,3
0022400077,300,8,12,8,12,4
0022400086,330,8,15,15,8,-7
0022400077,1170,33,43,33,43,10
0022400085,630,32,20,32,20,-12
0022400083,30,2,0,2,0,-2
0022400081,120,4,2,4,2,-2
0022400081,1140,37,43,37,43,6
0022400084,1500,59,45,45,59,14
0022400078,1110,45,50,50,45,-5
0022400080,300,15,12,15,12,-3
0022400086,1410,37,45,45,37,-8
0022400082,150,7,9,7,9,2
0022400082,1320,61,55,61,55,-6
0022400081,2580,83,113,83,113,30
0022400078,840,35,36,36,35,-1
0022400080,30,2,3,2,3,1
0022400083,1050,44,49,44,49,5
0022400083,1410,60,61,60,61,1
0022400077,2550,85,101,85,101,16
0022400078,360,15,18,18,15,-3
0022400080,2730,99,111,99,111,12
0022400081,2820,98,121,98,121,23
0022400078,2850,107,113,113,107,-6
0022400085,1530,63,60,63,60,-3
0022400080,1860,70,81,70,81,11
0022400086,2520,97,91,91,97,6
0022400083,60,2,3,2,3,1
0022400082,2610,102,120,102,120,18
0022400077,2040,68,76,68,76,8
0022400081,2760,94,119,94,119,25
0022400080,1110,43,46,43,46,3
0022400080,1650,62,72,62,72,10
0022400086,0,0,0,0,0,0
0022400084,1740,78,50,50,78,28
0022400077,1500,50,49,50,49,-1
0022400081,2130,64,93,64,93,29
0022400080,1380,53,61,53,61,8
0022400083,1740,81,76,81,76,-5
0022400083,750,33,34,33,34,1
0022400084,1590,64,45,45,64,19
0022400082,1680,72,67,72,67,-5
0022400081,2700,92,119,92,119,27
0022400080,1290,53,57,53,57,4
0022400083,1470,63,66,63,66,3
0022400085,990,53,35,53,35,-18
0022400081,240,8,4,8,4,-4
0022400081,1470,45,61,45,61,16
0022400081,1830,55,74,55,74,19
0022400081,2040,60,88,60,88,28
0022400078,2730,96,105,105,96,-9
0022400079,2700,107,114,107,114,7
0022400083,1140,46,51,46,51,5
0022400086,1230,28,44,44,28,-16
0022400085,1320,59,48,59,48,-11
0022400081,0,0,0,0,0,0
0022400081,2220,68,97,68,97,29
0022400078,2400,79,95,95,79,-16
0022400086,120,4,6,6,4,-2
0022400084,2340,98,76,76,98,22
0022400080,2190,79,92,79,92,13
0022400082,510,26,27,26,27,1
0022400085,2730,106,115,106,115,9
0022400077,2610,88,103,88,103,15
0022400077,2880,101,116,101,116,15
0022400078,2250,77,86,86,77,-9
0022400082,180,7,11,7,11,4
0022400084,510,21,19,19,21,2
0022400082,270,11,15,11,15,4
0022400082,600,33,30,33,30,-3
0022400079,1560,63,65,63,65,2
0022400080,240,12,12,12,12,0
0022400080,600,27,26,27,26,-1
0022400080,2400,86,98,86,98,12
0022400086,510,12,25,25,12,-13
0022400079,720,16,28,16,28,12
0022400079,2430,99,101,99,101,2
0022400080,2550,91,107,91,107,16
0022400086,1170,26,39,39,26,-13
0022400083,480,21,24,21,24,3
0022400082,450,21,23,21,23,2
0022400082,1500,67,61,67,61,-6
0022400082,1950,76,84,76,84,8
0022400079,1380,55,57,55,57,2
0022400080,840,33,31,33,31,-2
0022400083,2190,102,98,102,98,-4
0022400085,1260,56,44,56,44,-12
0022400085,2760,109,118,109,118,9
0022400077,450,14,16,14,16,2
0022400078,2040,76,80,80,76,-4
0022400078,2640,89,101,101,89,-12
0022400080,510,21,24,21,24,3
0022400086,750,17,27,27,17,-10
0022400082,960,48,40,48,40,-8
0022400081,2070,62,93,62,93,31
0022400079,870,24,36,24,36,12
0022400084,1170,41,32,32,41,9
0022400077,2730,95,106,95,106,11
0022400078,120,5,7,7,5,-2
0022400080,1500,57,67,57,67,10
0022400079,1800,69,77,69,77,8
0022400080,1260,51,57,51,57,6
0022400077,2580,86,103,86,103,17
0022400079,1290,47,57,47,57,10
0022400078,240,11,12,12,11,-1
0022400081,2160,64,95,64,95,31
0022400077,210,5,12,5,12,7
0022400081,1110,37,43,37,43,6
0022400078,1020,40,46,46,40,-6
0022400082,1170,57,45,57,45,-12
0022400084,810,32,24,24,32,8
0022400085,2250,87,91,87,91,4
0022400081,1020,35,40,35,40,5
0022400083,1380,58,59,58,59,1
0022400085,300,12,11,12,11,-1
0022400078,2070,76,80,80,76,-4
0022400078,2550,85,101,101,85,-16
0022400080,1770,66,75,66,75,9
